timeStamp,PID.mv,PID.sv,PID.pv,PID.Kp,PID.Td,PID.Ti
时间戳,PID控制输出,PID预设值,PID输入值,比例系数,积分时间,微分时间
2024-6-3 19:00:00,36.600000,3.000000,0.000000,12.000000,0.150000,30.000000
2024-6-3 19:00:01,37.745567,3.000000,0.003719,12.000000,0.150000,30.000000
2024-6-3 19:00:02,38.834436,3.000000,0.012001,12.000000,0.150000,30.000000
2024-6-3 19:00:03,39.915370,3.000000,0.021286,12.000000,0.150000,30.000000
2024-6-3 19:00:04,40.991473,3.000000,0.030653,12.000000,0.150000,30.000000
2024-6-3 19:00:05,42.062362,3.000000,0.040136,12.000000,0.150000,30.000000
2024-6-3 19:00:06,43.127782,3.000000,0.049752,12.000000,0.150000,30.000000
2024-6-3 19:00:07,44.187546,3.000000,0.059514,12.000000,0.150000,30.000000
2024-6-3 19:00:08,45.241502,3.000000,0.069430,12.000000,0.150000,30.000000
2024-6-3 19:00:09,46.289522,3.000000,0.079505,12.000000,0.150000,30.000000
2024-6-3 19:00:10,47.331493,3.000000,0.089744,12.000000,0.150000,30.000000
2024-6-3 19:00:11,48.367313,3.000000,0.100149,12.000000,0.150000,30.000000
2024-6-3 19:00:12,49.396888,3.000000,0.110723,12.000000,0.150000,30.000000
2024-6-3 19:00:13,50.420131,3.000000,0.121468,12.000000,0.150000,30.000000
2024-6-3 19:00:14,51.436961,3.000000,0.132385,12.000000,0.150000,30.000000
2024-6-3 19:00:15,52.447298,3.000000,0.143475,12.000000,0.150000,30.000000
2024-6-3 19:00:16,53.451070,3.000000,0.154737,12.000000,0.150000,30.000000
2024-6-3 19:00:17,54.448203,3.000000,0.166174,12.000000,0.150000,30.000000
2024-6-3 19:00:18,55.438630,3.000000,0.177783,12.000000,0.150000,30.000000
2024-6-3 19:00:19,56.422283,3.000000,0.189566,12.000000,0.150000,30.000000
2024-6-3 19:00:20,57.399098,3.000000,0.201521,12.000000,0.150000,30.000000
2024-6-3 19:00:21,58.369012,3.000000,0.213649,12.000000,0.150000,30.000000
2024-6-3 19:00:22,59.331963,3.000000,0.225949,12.000000,0.150000,30.000000
2024-6-3 19:00:23,60.287891,3.000000,0.238419,12.000000,0.150000,30.000000
2024-6-3 19:00:24,61.236739,3.000000,0.251060,12.000000,0.150000,30.000000
2024-6-3 19:00:25,62.178450,3.000000,0.263870,12.000000,0.150000,30.000000
2024-6-3 19:00:26,63.112968,3.000000,0.276849,12.000000,0.150000,30.000000
2024-6-3 19:00:27,64.040238,3.000000,0.289995,12.000000,0.150000,30.000000
2024-6-3 19:00:28,64.960207,3.000000,0.303307,12.000000,0.150000,30.000000
2024-6-3 19:00:29,65.872824,3.000000,0.316784,12.000000,0.150000,30.000000
2024-6-3 19:00:30,66.778037,3.000000,0.330425,12.000000,0.150000,30.000000
2024-6-3 19:00:31,67.675796,3.000000,0.344228,12.000000,0.150000,30.000000
2024-6-3 19:00:32,68.566052,3.000000,0.358193,12.000000,0.150000,30.000000
2024-6-3 19:00:33,69.448759,3.000000,0.372318,12.000000,0.150000,30.000000
2024-6-3 19:00:34,70.323868,3.000000,0.386601,12.000000,0.150000,30.000000
2024-6-3 19:00:35,71.191334,3.000000,0.401041,12.000000,0.150000,30.000000
2024-6-3 19:00:36,72.051112,3.000000,0.415637,12.000000,0.150000,30.000000
2024-6-3 19:00:37,72.903158,3.000000,0.430387,12.000000,0.150000,30.000000
2024-6-3 19:00:38,73.747430,3.000000,0.445290,12.000000,0.150000,30.000000
2024-6-3 19:00:39,74.583885,3.000000,0.460344,12.000000,0.150000,30.000000
2024-6-3 19:00:40,75.412482,3.000000,0.475547,12.000000,0.150000,30.000000
2024-6-3 19:00:41,76.233181,3.000000,0.490898,12.000000,0.150000,30.000000
2024-6-3 19:00:42,77.045943,3.000000,0.506396,12.000000,0.150000,30.000000
2024-6-3 19:00:43,77.850729,3.000000,0.522038,12.000000,0.150000,30.000000
2024-6-3 19:00:44,78.647503,3.000000,0.537823,12.000000,0.150000,30.000000
2024-6-3 19:00:45,79.436227,3.000000,0.553750,12.000000,0.150000,30.000000
2024-6-3 19:00:46,80.216866,3.000000,0.569816,12.000000,0.150000,30.000000
2024-6-3 19:00:47,80.989385,3.000000,0.586020,12.000000,0.150000,30.000000
2024-6-3 19:00:48,81.753751,3.000000,0.602360,12.000000,0.150000,30.000000
2024-6-3 19:00:49,82.509930,3.000000,0.618835,12.000000,0.150000,30.000000
2024-6-3 19:00:50,83.257891,3.000000,0.635442,12.000000,0.150000,30.000000
2024-6-3 19:00:51,83.997602,3.000000,0.652180,12.000000,0.150000,30.000000
2024-6-3 19:00:52,84.729033,3.000000,0.669048,12.000000,0.150000,30.000000
2024-6-3 19:00:53,85.452155,3.000000,0.686042,12.000000,0.150000,30.000000
2024-6-3 19:00:54,86.166940,3.000000,0.703162,12.000000,0.150000,30.000000
2024-6-3 19:00:55,86.873358,3.000000,0.720406,12.000000,0.150000,30.000000
2024-6-3 19:00:56,87.571385,3.000000,0.737772,12.000000,0.150000,30.000000
2024-6-3 19:00:57,88.260993,3.000000,0.755257,12.000000,0.150000,30.000000
2024-6-3 19:00:58,88.942158,3.000000,0.772861,12.000000,0.150000,30.000000
2024-6-3 19:00:59,89.614856,3.000000,0.790580,12.000000,0.150000,30.000000
2024-6-3 19:01:00,90.279064,3.000000,0.808414,12.000000,0.150000,30.000000
2024-6-3 19:01:01,90.934758,3.000000,0.826361,12.000000,0.150000,30.000000
2024-6-3 19:01:02,91.581918,3.000000,0.844418,12.000000,0.150000,30.000000
2024-6-3 19:01:03,92.220522,3.000000,0.862583,12.000000,0.150000,30.000000
2024-6-3 19:01:04,92.850551,3.000000,0.880856,12.000000,0.150000,30.000000
2024-6-3 19:01:05,93.471987,3.000000,0.899233,12.000000,0.150000,30.000000
2024-6-3 19:01:06,94.084810,3.000000,0.917712,12.000000,0.150000,30.000000
2024-6-3 19:01:07,94.689003,3.000000,0.936293,12.000000,0.150000,30.000000
2024-6-3 19:01:08,95.284551,3.000000,0.954973,12.000000,0.150000,30.000000
2024-6-3 19:01:09,95.871437,3.000000,0.973750,12.000000,0.150000,30.000000
2024-6-3 19:01:10,96.449646,3.000000,0.992621,12.000000,0.150000,30.000000
2024-6-3 19:01:11,97.019166,3.000000,1.011586,12.000000,0.150000,30.000000
2024-6-3 19:01:12,97.579983,3.000000,1.030642,12.000000,0.150000,30.000000
2024-6-3 19:01:13,98.132084,3.000000,1.049787,12.000000,0.150000,30.000000
2024-6-3 19:01:14,98.675459,3.000000,1.069019,12.000000,0.150000,30.000000
2024-6-3 19:01:15,99.210097,3.000000,1.088337,12.000000,0.150000,30.000000
2024-6-3 19:01:16,99.735987,3.000000,1.107738,12.000000,0.150000,30.000000
2024-6-3 19:01:17,99.878566,3.000000,1.127219,12.000000,0.150000,30.000000
2024-6-3 19:01:18,99.645746,3.000000,1.146638,12.000000,0.150000,30.000000
2024-6-3 19:01:19,99.782255,3.000000,1.165993,12.000000,0.150000,30.000000
2024-6-3 19:01:20,99.913889,3.000000,1.185285,12.000000,0.150000,30.000000
2024-6-3 19:01:21,99.682612,3.000000,1.204560,12.000000,0.150000,30.000000
2024-6-3 19:01:22,99.809258,3.000000,1.223773,12.000000,0.150000,30.000000
2024-6-3 19:01:23,99.931062,3.000000,1.242924,12.000000,0.150000,30.000000
2024-6-3 19:01:24,99.701498,3.000000,1.262057,12.000000,0.150000,30.000000
2024-6-3 19:01:25,99.818367,3.000000,1.281127,12.000000,0.150000,30.000000
2024-6-3 19:01:26,99.930426,3.000000,1.300136,12.000000,0.150000,30.000000
2024-6-3 19:01:27,99.702577,3.000000,1.319126,12.000000,0.150000,30.000000
2024-6-3 19:01:28,99.809757,3.000000,1.338054,12.000000,0.150000,30.000000
2024-6-3 19:01:29,99.912160,3.000000,1.356921,12.000000,0.150000,30.000000
2024-6-3 19:01:30,99.686031,3.000000,1.375768,12.000000,0.150000,30.000000
2024-6-3 19:01:31,99.783613,3.000000,1.394553,12.000000,0.150000,30.000000
2024-6-3 19:01:32,99.877687,3.000000,1.413318,12.000000,0.150000,30.000000
2024-6-3 19:01:33,99.967023,3.000000,1.432022,12.000000,0.150000,30.000000
2024-6-3 19:01:34,99.742876,3.000000,1.450704,12.000000,0.150000,30.000000
2024-6-3 19:01:35,99.827466,3.000000,1.469324,12.000000,0.150000,30.000000
2024-6-3 19:01:36,99.907354,3.000000,1.487884,12.000000,0.150000,30.000000
2024-6-3 19:01:37,99.983666,3.000000,1.506421,12.000000,0.150000,30.000000
2024-6-3 19:01:38,99.761542,3.000000,1.524935,12.000000,0.150000,30.000000
2024-6-3 19:01:39,99.833326,3.000000,1.543387,12.000000,0.150000,30.000000
2024-6-3 19:01:40,99.900450,3.000000,1.561779,12.000000,0.150000,30.000000
2024-6-3 19:01:41,99.964061,3.000000,1.580146,12.000000,0.150000,30.000000
2024-6-3 19:01:42,99.744002,3.000000,1.598488,12.000000,0.150000,30.000000
2024-6-3 19:01:43,99.803158,3.000000,1.616768,12.000000,0.150000,30.000000
2024-6-3 19:01:44,99.858973,3.000000,1.635023,12.000000,0.150000,30.000000
2024-6-3 19:01:45,99.910180,3.000000,1.653216,12.000000,0.150000,30.000000
2024-6-3 19:01:46,99.957952,3.000000,1.671383,12.000000,0.150000,30.000000
2024-6-3 19:01:47,99.740332,3.000000,1.689522,12.000000,0.150000,30.000000
2024-6-3 19:01:48,99.783740,3.000000,1.707600,12.000000,0.150000,30.000000
2024-6-3 19:01:49,99.823878,3.000000,1.725649,12.000000,0.150000,30.000000
2024-6-3 19:01:50,99.860758,3.000000,1.743669,12.000000,0.150000,30.000000
2024-6-3 19:01:51,99.893095,3.000000,1.761628,12.000000,0.150000,30.000000
2024-6-3 19:01:52,99.922091,3.000000,1.779557,12.000000,0.150000,30.000000
2024-6-3 19:01:53,99.947874,3.000000,1.797455,12.000000,0.150000,30.000000
2024-6-3 19:01:54,99.970458,3.000000,1.815322,12.000000,0.150000,30.000000
2024-6-3 19:01:55,99.989855,3.000000,1.833158,12.000000,0.150000,30.000000
2024-6-3 19:01:56,99.776272,3.000000,1.850961,12.000000,0.150000,30.000000
2024-6-3 19:01:57,99.791471,3.000000,1.868703,12.000000,0.150000,30.000000
2024-6-3 19:01:58,99.803523,3.000000,1.886411,12.000000,0.150000,30.000000
2024-6-3 19:01:59,99.812444,3.000000,1.904085,12.000000,0.150000,30.000000
2024-6-3 19:02:00,99.818245,3.000000,1.921725,12.000000,0.150000,30.000000
2024-6-3 19:02:01,99.820941,3.000000,1.939330,12.000000,0.150000,30.000000
2024-6-3 19:02:02,99.820545,3.000000,1.956900,12.000000,0.150000,30.000000
2024-6-3 19:02:03,99.817072,3.000000,1.974434,12.000000,0.150000,30.000000
2024-6-3 19:02:04,99.810534,3.000000,1.991931,12.000000,0.150000,30.000000
2024-6-3 19:02:05,99.999068,3.000000,2.009391,12.000000,0.150000,30.000000
2024-6-3 19:02:06,99.984392,3.000000,2.026839,12.000000,0.150000,30.000000
2024-6-3 19:02:07,99.966694,3.000000,2.044249,12.000000,0.150000,30.000000
2024-6-3 19:02:08,99.945989,3.000000,2.061620,12.000000,0.150000,30.000000
2024-6-3 19:02:09,99.922291,3.000000,2.078952,12.000000,0.150000,30.000000
2024-6-3 19:02:10,99.895615,3.000000,2.096243,12.000000,0.150000,30.000000
2024-6-3 19:02:11,99.867342,3.000000,2.113517,12.000000,0.150000,30.000000
2024-6-3 19:02:12,99.836196,3.000000,2.130750,12.000000,0.150000,30.000000
2024-6-3 19:02:13,99.972520,3.000000,2.147941,12.000000,0.150000,30.000000
2024-6-3 19:02:14,99.933524,3.000000,2.165112,12.000000,0.150000,30.000000
2024-6-3 19:02:15,99.892998,3.000000,2.182261,12.000000,0.150000,30.000000
2024-6-3 19:02:16,99.849647,3.000000,2.199367,12.000000,0.150000,30.000000
2024-6-3 19:02:17,99.960121,3.000000,2.216428,12.000000,0.150000,30.000000
2024-6-3 19:02:18,99.909061,3.000000,2.233466,12.000000,0.150000,30.000000
2024-6-3 19:02:19,99.856541,3.000000,2.250477,12.000000,0.150000,30.000000
2024-6-3 19:02:20,99.947755,3.000000,2.267443,12.000000,0.150000,30.000000
2024-6-3 19:02:21,99.889107,3.000000,2.284399,12.000000,0.150000,30.000000
2024-6-3 19:02:22,99.967443,3.000000,2.301309,12.000000,0.150000,30.000000
2024-6-3 19:02:23,99.901328,3.000000,2.318189,12.000000,0.150000,30.000000
2024-6-3 19:02:24,99.966830,3.000000,2.335039,12.000000,0.150000,30.000000
2024-6-3 19:02:25,99.896153,3.000000,2.351873,12.000000,0.150000,30.000000
2024-6-3 19:02:26,99.949036,3.000000,2.368658,12.000000,0.150000,30.000000
2024-6-3 19:02:27,99.995366,3.000000,2.385426,12.000000,0.150000,30.000000
2024-6-3 19:02:28,99.914233,3.000000,2.402158,12.000000,0.150000,30.000000
2024-6-3 19:02:29,99.948038,3.000000,2.418855,12.000000,0.150000,30.000000
2024-6-3 19:02:30,99.975439,3.000000,2.435529,12.000000,0.150000,30.000000
2024-6-3 19:02:31,99.996463,3.000000,2.452180,12.000000,0.150000,30.000000
2024-6-3 19:02:32,99.903454,3.000000,2.468793,12.000000,0.150000,30.000000
2024-6-3 19:02:33,99.912148,3.000000,2.485365,12.000000,0.150000,30.000000
2024-6-3 19:02:34,99.914559,3.000000,2.501909,12.000000,0.150000,30.000000
2024-6-3 19:02:35,99.910714,3.000000,2.518424,12.000000,0.150000,30.000000
2024-6-3 19:02:36,99.900645,3.000000,2.534908,12.000000,0.150000,30.000000
2024-6-3 19:02:37,99.884380,3.000000,2.551360,12.000000,0.150000,30.000000
2024-6-3 19:02:38,99.861949,3.000000,2.567778,12.000000,0.150000,30.000000
2024-6-3 19:02:39,99.833385,3.000000,2.584162,12.000000,0.150000,30.000000
2024-6-3 19:02:40,99.798717,3.000000,2.600509,12.000000,0.150000,30.000000
2024-6-3 19:02:41,99.757978,3.000000,2.616818,12.000000,0.150000,30.000000
2024-6-3 19:02:42,99.711200,3.000000,2.633088,12.000000,0.150000,30.000000
2024-6-3 19:02:43,99.658415,3.000000,2.649317,12.000000,0.150000,30.000000
2024-6-3 19:02:44,99.599657,3.000000,2.665505,12.000000,0.150000,30.000000
2024-6-3 19:02:45,99.534959,3.000000,2.681649,12.000000,0.150000,30.000000
2024-6-3 19:02:46,99.464355,3.000000,2.697749,12.000000,0.150000,30.000000
2024-6-3 19:02:47,99.387879,3.000000,2.713802,12.000000,0.150000,30.000000
2024-6-3 19:02:48,99.305567,3.000000,2.729808,12.000000,0.150000,30.000000
2024-6-3 19:02:49,99.217452,3.000000,2.745766,12.000000,0.150000,30.000000
2024-6-3 19:02:50,99.123572,3.000000,2.761674,12.000000,0.150000,30.000000
2024-6-3 19:02:51,99.023961,3.000000,2.777530,12.000000,0.150000,30.000000
2024-6-3 19:02:52,98.918656,3.000000,2.793334,12.000000,0.150000,30.000000
2024-6-3 19:02:53,98.807694,3.000000,2.809084,12.000000,0.150000,30.000000
2024-6-3 19:02:54,98.691113,3.000000,2.824778,12.000000,0.150000,30.000000
2024-6-3 19:02:55,98.568949,3.000000,2.840417,12.000000,0.150000,30.000000
2024-6-3 19:02:56,98.441241,3.000000,2.855998,12.000000,0.150000,30.000000
2024-6-3 19:02:57,98.308026,3.000000,2.871520,12.000000,0.150000,30.000000
2024-6-3 19:02:58,98.169344,3.000000,2.886982,12.000000,0.150000,30.000000
2024-6-3 19:02:59,98.025234,3.000000,2.902382,12.000000,0.150000,30.000000
2024-6-3 19:03:00,97.875734,3.000000,2.917720,12.000000,0.150000,30.000000
2024-6-3 19:03:01,97.720886,3.000000,2.932995,12.000000,0.150000,30.000000
2024-6-3 19:03:02,97.560728,3.000000,2.948204,12.000000,0.150000,30.000000
2024-6-3 19:03:03,97.395301,3.000000,2.963347,12.000000,0.150000,30.000000
2024-6-3 19:03:04,97.224646,3.000000,2.978423,12.000000,0.150000,30.000000
2024-6-3 19:03:05,97.048804,3.000000,2.993431,12.000000,0.150000,30.000000
2024-6-3 19:03:06,96.867817,3.000000,3.008369,12.000000,0.150000,30.000000
2024-6-3 19:03:07,96.681726,3.000000,3.023237,12.000000,0.150000,30.000000
2024-6-3 19:03:08,96.490573,3.000000,3.038032,12.000000,0.150000,30.000000
2024-6-3 19:03:09,96.294401,3.000000,3.052755,12.000000,0.150000,30.000000
2024-6-3 19:03:10,96.093252,3.000000,3.067404,12.000000,0.150000,30.000000
2024-6-3 19:03:11,95.887169,3.000000,3.081977,12.000000,0.150000,30.000000
2024-6-3 19:03:12,95.676196,3.000000,3.096475,12.000000,0.150000,30.000000
2024-6-3 19:03:13,95.460376,3.000000,3.110895,12.000000,0.150000,30.000000
2024-6-3 19:03:14,95.239753,3.000000,3.125237,12.000000,0.150000,30.000000
2024-6-3 19:03:15,95.014370,3.000000,3.139499,12.000000,0.150000,30.000000
2024-6-3 19:03:16,94.784274,3.000000,3.153681,12.000000,0.150000,30.000000
2024-6-3 19:03:17,94.549507,3.000000,3.167782,12.000000,0.150000,30.000000
2024-6-3 19:03:18,94.310115,3.000000,3.181800,12.000000,0.150000,30.000000
2024-6-3 19:03:19,94.066144,3.000000,3.195735,12.000000,0.150000,30.000000
2024-6-3 19:03:20,93.817638,3.000000,3.209586,12.000000,0.150000,30.000000
2024-6-3 19:03:21,93.564643,3.000000,3.223351,12.000000,0.150000,30.000000
2024-6-3 19:03:22,93.307206,3.000000,3.237030,12.000000,0.150000,30.000000
2024-6-3 19:03:23,93.045372,3.000000,3.250622,12.000000,0.150000,30.000000
2024-6-3 19:03:24,92.779187,3.000000,3.264125,12.000000,0.150000,30.000000
2024-6-3 19:03:25,92.508699,3.000000,3.277539,12.000000,0.150000,30.000000
2024-6-3 19:03:26,92.233954,3.000000,3.290864,12.000000,0.150000,30.000000
2024-6-3 19:03:27,91.954999,3.000000,3.304097,12.000000,0.150000,30.000000
2024-6-3 19:03:28,91.671881,3.000000,3.317239,12.000000,0.150000,30.000000
2024-6-3 19:03:29,91.384649,3.000000,3.330288,12.000000,0.150000,30.000000
2024-6-3 19:03:30,91.093349,3.000000,3.343243,12.000000,0.150000,30.000000
2024-6-3 19:03:31,90.798029,3.000000,3.356104,12.000000,0.150000,30.000000
2024-6-3 19:03:32,90.498737,3.000000,3.368870,12.000000,0.150000,30.000000
2024-6-3 19:03:33,90.195522,3.000000,3.381540,12.000000,0.150000,30.000000
2024-6-3 19:03:34,89.888432,3.000000,3.394113,12.000000,0.150000,30.000000
2024-6-3 19:03:35,89.577516,3.000000,3.406588,12.000000,0.150000,30.000000
2024-6-3 19:03:36,89.262822,3.000000,3.418965,12.000000,0.150000,30.000000
2024-6-3 19:03:37,88.944398,3.000000,3.431242,12.000000,0.150000,30.000000
2024-6-3 19:03:38,88.622295,3.000000,3.443420,12.000000,0.150000,30.000000
2024-6-3 19:03:39,88.296561,3.000000,3.455497,12.000000,0.150000,30.000000
2024-6-3 19:03:40,87.967246,3.000000,3.467472,12.000000,0.150000,30.000000
2024-6-3 19:03:41,87.634399,3.000000,3.479345,12.000000,0.150000,30.000000
2024-6-3 19:03:42,87.298069,3.000000,3.491115,12.000000,0.150000,30.000000
2024-6-3 19:03:43,86.958307,3.000000,3.502782,12.000000,0.150000,30.000000
2024-6-3 19:03:44,86.615162,3.000000,3.514344,12.000000,0.150000,30.000000
2024-6-3 19:03:45,86.268684,3.000000,3.525802,12.000000,0.150000,30.000000
2024-6-3 19:03:46,85.918924,3.000000,3.537154,12.000000,0.150000,30.000000
2024-6-3 19:03:47,85.565931,3.000000,3.548399,12.000000,0.150000,30.000000
2024-6-3 19:03:48,85.209755,3.000000,3.559538,12.000000,0.150000,30.000000
2024-6-3 19:03:49,84.850448,3.000000,3.570569,12.000000,0.150000,30.000000
2024-6-3 19:03:50,84.488059,3.000000,3.581492,12.000000,0.150000,30.000000
2024-6-3 19:03:51,84.122639,3.000000,3.592307,12.000000,0.150000,30.000000
2024-6-3 19:03:52,83.754238,3.000000,3.603012,12.000000,0.150000,30.000000
2024-6-3 19:03:53,83.382909,3.000000,3.613607,12.000000,0.150000,30.000000
2024-6-3 19:03:54,83.008700,3.000000,3.624092,12.000000,0.150000,30.000000
2024-6-3 19:03:55,82.631663,3.000000,3.634465,12.000000,0.150000,30.000000
2024-6-3 19:03:56,82.251849,3.000000,3.644728,12.000000,0.150000,30.000000
2024-6-3 19:03:57,81.869309,3.000000,3.654878,12.000000,0.150000,30.000000
2024-6-3 19:03:58,81.484094,3.000000,3.664916,12.000000,0.150000,30.000000
2024-6-3 19:03:59,81.096254,3.000000,3.674840,12.000000,0.150000,30.000000
2024-6-3 19:04:00,80.705841,3.000000,3.684652,12.000000,0.150000,30.000000
2024-6-3 19:04:01,80.312907,3.000000,3.694349,12.000000,0.150000,30.000000
2024-6-3 19:04:02,79.917501,3.000000,3.703932,12.000000,0.150000,30.000000
2024-6-3 19:04:03,79.519676,3.000000,3.713400,12.000000,0.150000,30.000000
2024-6-3 19:04:04,79.119482,3.000000,3.722752,12.000000,0.150000,30.000000
2024-6-3 19:04:05,78.716970,3.000000,3.731990,12.000000,0.150000,30.000000
2024-6-3 19:04:06,78.312193,3.000000,3.741110,12.000000,0.150000,30.000000
2024-6-3 19:04:07,77.905200,3.000000,3.750115,12.000000,0.150000,30.000000
2024-6-3 19:04:08,77.496044,3.000000,3.759003,12.000000,0.150000,30.000000
2024-6-3 19:04:09,77.084775,3.000000,3.767773,12.000000,0.150000,30.000000
2024-6-3 19:04:10,76.671444,3.000000,3.776426,12.000000,0.150000,30.000000
2024-6-3 19:04:11,76.256103,3.000000,3.784961,12.000000,0.150000,30.000000
2024-6-3 19:04:12,75.838802,3.000000,3.793378,12.000000,0.150000,30.000000
2024-6-3 19:04:13,75.419594,3.000000,3.801676,12.000000,0.150000,30.000000
2024-6-3 19:04:14,74.998528,3.000000,3.809855,12.000000,0.150000,30.000000
2024-6-3 19:04:15,74.575656,3.000000,3.817916,12.000000,0.150000,30.000000
2024-6-3 19:04:16,74.151029,3.000000,3.825856,12.000000,0.150000,30.000000
2024-6-3 19:04:17,73.724698,3.000000,3.833678,12.000000,0.150000,30.000000
2024-6-3 19:04:18,73.296714,3.000000,3.841379,12.000000,0.150000,30.000000
2024-6-3 19:04:19,72.867126,3.000000,3.848960,12.000000,0.150000,30.000000
2024-6-3 19:04:20,72.435987,3.000000,3.856421,12.000000,0.150000,30.000000
2024-6-3 19:04:21,72.003347,3.000000,3.863761,12.000000,0.150000,30.000000
2024-6-3 19:04:22,71.569257,3.000000,3.870981,12.000000,0.150000,30.000000
2024-6-3 19:04:23,71.133766,3.000000,3.878079,12.000000,0.150000,30.000000
2024-6-3 19:04:24,70.696926,3.000000,3.885057,12.000000,0.150000,30.000000
2024-6-3 19:04:25,70.258787,3.000000,3.891913,12.000000,0.150000,30.000000
2024-6-3 19:04:26,69.819399,3.000000,3.898648,12.000000,0.150000,30.000000
2024-6-3 19:04:27,69.378812,3.000000,3.905261,12.000000,0.150000,30.000000
2024-6-3 19:04:28,68.937077,3.000000,3.911753,12.000000,0.150000,30.000000
2024-6-3 19:04:29,68.494242,3.000000,3.918123,12.000000,0.150000,30.000000
2024-6-3 19:04:30,68.050360,3.000000,3.924371,12.000000,0.150000,30.000000
2024-6-3 19:04:31,67.605477,3.000000,3.930497,12.000000,0.150000,30.000000
2024-6-3 19:04:32,67.159646,3.000000,3.936501,12.000000,0.150000,30.000000
2024-6-3 19:04:33,66.712915,3.000000,3.942383,12.000000,0.150000,30.000000
2024-6-3 19:04:34,66.265333,3.000000,3.948143,12.000000,0.150000,30.000000
2024-6-3 19:04:35,65.816950,3.000000,3.953780,12.000000,0.150000,30.000000
2024-6-3 19:04:36,65.367814,3.000000,3.959296,12.000000,0.150000,30.000000
2024-6-3 19:04:37,64.917975,3.000000,3.964689,12.000000,0.150000,30.000000
2024-6-3 19:04:38,64.467482,3.000000,3.969960,12.000000,0.150000,30.000000
2024-6-3 19:04:39,64.016384,3.000000,3.975109,12.000000,0.150000,30.000000
2024-6-3 19:04:40,63.564728,3.000000,3.980136,12.000000,0.150000,30.000000
2024-6-3 19:04:41,63.112563,3.000000,3.985040,12.000000,0.150000,30.000000
2024-6-3 19:04:42,62.659938,3.000000,3.989823,12.000000,0.150000,30.000000
2024-6-3 19:04:43,62.206900,3.000000,3.994484,12.000000,0.150000,30.000000
2024-6-3 19:04:44,61.753497,3.000000,3.999022,12.000000,0.150000,30.000000
2024-6-3 19:04:45,61.349878,3.000000,4.000000,12.000000,0.150000,30.000000
2024-6-3 19:04:46,60.949878,3.000000,4.000000,12.000000,0.150000,30.000000
2024-6-3 19:04:47,60.549878,3.000000,4.000000,12.000000,0.150000,30.000000
2024-6-3 19:04:48,60.149878,3.000000,4.000000,12.000000,0.150000,30.000000
2024-6-3 19:04:49,59.749878,3.000000,4.000000,12.000000,0.150000,30.000000
2024-6-3 19:04:50,59.349878,3.000000,4.000000,12.000000,0.150000,30.000000
2024-6-3 19:04:51,58.949878,3.000000,4.000000,12.000000,0.150000,30.000000
2024-6-3 19:04:52,58.549878,3.000000,4.000000,12.000000,0.150000,30.000000
2024-6-3 19:04:53,58.149878,3.000000,4.000000,12.000000,0.150000,30.000000
2024-6-3 19:04:54,57.749878,3.000000,4.000000,12.000000,0.150000,30.000000
2024-6-3 19:04:55,57.349878,3.000000,4.000000,12.000000,0.150000,30.000000
2024-6-3 19:04:56,56.949878,3.000000,4.000000,12.000000,0.150000,30.000000
2024-6-3 19:04:57,56.549878,3.000000,4.000000,12.000000,0.150000,30.000000
2024-6-3 19:04:58,56.149878,3.000000,4.000000,12.000000,0.150000,30.000000
2024-6-3 19:04:59,55.749878,3.000000,4.000000,12.000000,0.150000,30.000000
2024-6-3 19:05:00,55.349878,3.000000,4.000000,12.000000,0.150000,30.000000
2024-6-3 19:05:01,54.949878,3.000000,4.000000,12.000000,0.150000,30.000000
2024-6-3 19:05:02,54.549878,3.000000,4.000000,12.000000,0.150000,30.000000
2024-6-3 19:05:03,54.149878,3.000000,4.000000,12.000000,0.150000,30.000000
2024-6-3 19:05:04,53.749878,3.000000,4.000000,12.000000,0.150000,30.000000
2024-6-3 19:05:05,53.349878,3.000000,4.000000,12.000000,0.150000,30.000000
2024-6-3 19:05:06,52.949878,3.000000,4.000000,12.000000,0.150000,30.000000
2024-6-3 19:05:07,52.549878,3.000000,4.000000,12.000000,0.150000,30.000000
2024-6-3 19:05:08,52.149878,3.000000,4.000000,12.000000,0.150000,30.000000
2024-6-3 19:05:09,51.749878,3.000000,4.000000,12.000000,0.150000,30.000000
2024-6-3 19:05:10,51.349878,3.000000,4.000000,12.000000,0.150000,30.000000
2024-6-3 19:05:11,50.949878,3.000000,4.000000,12.000000,0.150000,30.000000
2024-6-3 19:05:12,50.549878,3.000000,4.000000,12.000000,0.150000,30.000000
2024-6-3 19:05:13,50.149878,3.000000,4.000000,12.000000,0.150000,30.000000
2024-6-3 19:05:14,49.749878,3.000000,4.000000,12.000000,0.150000,30.000000
2024-6-3 19:05:15,49.349878,3.000000,4.000000,12.000000,0.150000,30.000000
2024-6-3 19:05:16,48.949878,3.000000,4.000000,12.000000,0.150000,30.000000
2024-6-3 19:05:17,48.549878,3.000000,4.000000,12.000000,0.150000,30.000000
2024-6-3 19:05:18,48.149878,3.000000,4.000000,12.000000,0.150000,30.000000
2024-6-3 19:05:19,47.749878,3.000000,4.000000,12.000000,0.150000,30.000000
2024-6-3 19:05:20,47.349878,3.000000,4.000000,12.000000,0.150000,30.000000
2024-6-3 19:05:21,46.949878,3.000000,4.000000,12.000000,0.150000,30.000000
2024-6-3 19:05:22,46.549878,3.000000,4.000000,12.000000,0.150000,30.000000
2024-6-3 19:05:23,46.149878,3.000000,4.000000,12.000000,0.150000,30.000000
2024-6-3 19:05:24,45.749878,3.000000,4.000000,12.000000,0.150000,30.000000
2024-6-3 19:05:25,45.349878,3.000000,4.000000,12.000000,0.150000,30.000000
2024-6-3 19:05:26,44.949878,3.000000,4.000000,12.000000,0.150000,30.000000
2024-6-3 19:05:27,44.549878,3.000000,4.000000,12.000000,0.150000,30.000000
2024-6-3 19:05:28,44.149878,3.000000,4.000000,12.000000,0.150000,30.000000
2024-6-3 19:05:29,43.750799,3.000000,3.999938,12.000000,0.150000,30.000000
2024-6-3 19:05:30,43.353017,3.000000,3.999774,12.000000,0.150000,30.000000
2024-6-3 19:05:31,42.956541,3.000000,3.999510,12.000000,0.150000,30.000000
2024-6-3 19:05:32,42.561405,3.000000,3.999144,12.000000,0.150000,30.000000
2024-6-3 19:05:33,42.167645,3.000000,3.998679,12.000000,0.150000,30.000000
2024-6-3 19:05:34,41.775293,3.000000,3.998115,12.000000,0.150000,30.000000
2024-6-3 19:05:35,41.384384,3.000000,3.997451,12.000000,0.150000,30.000000
2024-6-3 19:05:36,40.994951,3.000000,3.996689,12.000000,0.150000,30.000000
2024-6-3 19:05:37,40.607027,3.000000,3.995829,12.000000,0.150000,30.000000
2024-6-3 19:05:38,40.220644,3.000000,3.994872,12.000000,0.150000,30.000000
2024-6-3 19:05:39,39.835835,3.000000,3.993818,12.000000,0.150000,30.000000
2024-6-3 19:05:40,39.452632,3.000000,3.992667,12.000000,0.150000,30.000000
2024-6-3 19:05:41,39.071067,3.000000,3.991420,12.000000,0.150000,30.000000
2024-6-3 19:05:42,38.691172,3.000000,3.990079,12.000000,0.150000,30.000000
2024-6-3 19:05:43,38.312977,3.000000,3.988642,12.000000,0.150000,30.000000
2024-6-3 19:05:44,37.936513,3.000000,3.987112,12.000000,0.150000,30.000000
2024-6-3 19:05:45,37.561812,3.000000,3.985487,12.000000,0.150000,30.000000
2024-6-3 19:05:46,37.188902,3.000000,3.983770,12.000000,0.150000,30.000000
2024-6-3 19:05:47,36.817815,3.000000,3.981961,12.000000,0.150000,30.000000
2024-6-3 19:05:48,36.448580,3.000000,3.980059,12.000000,0.150000,30.000000
2024-6-3 19:05:49,36.081226,3.000000,3.978067,12.000000,0.150000,30.000000
2024-6-3 19:05:50,35.715781,3.000000,3.975984,12.000000,0.150000,30.000000
2024-6-3 19:05:51,35.352276,3.000000,3.973811,12.000000,0.150000,30.000000
2024-6-3 19:05:52,34.990737,3.000000,3.971548,12.000000,0.150000,30.000000
2024-6-3 19:05:53,34.631193,3.000000,3.969197,12.000000,0.150000,30.000000
2024-6-3 19:05:54,34.273672,3.000000,3.966758,12.000000,0.150000,30.000000
2024-6-3 19:05:55,33.918200,3.000000,3.964232,12.000000,0.150000,30.000000
2024-6-3 19:05:56,33.564806,3.000000,3.961618,12.000000,0.150000,30.000000
2024-6-3 19:05:57,33.213515,3.000000,3.958919,12.000000,0.150000,30.000000
2024-6-3 19:05:58,32.864354,3.000000,3.956134,12.000000,0.150000,30.000000
2024-6-3 19:05:59,32.517349,3.000000,3.953264,12.000000,0.150000,30.000000
2024-6-3 19:06:00,32.172525,3.000000,3.950310,12.000000,0.150000,30.000000
2024-6-3 19:06:01,31.829908,3.000000,3.947273,12.000000,0.150000,30.000000
2024-6-3 19:06:02,31.489522,3.000000,3.944153,12.000000,0.150000,30.000000
2024-6-3 19:06:03,31.151393,3.000000,3.940951,12.000000,0.150000,30.000000
2024-6-3 19:06:04,30.815545,3.000000,3.937667,12.000000,0.150000,30.000000
2024-6-3 19:06:05,30.482001,3.000000,3.934303,12.000000,0.150000,30.000000
2024-6-3 19:06:06,30.150785,3.000000,3.930859,12.000000,0.150000,30.000000
2024-6-3 19:06:07,29.821921,3.000000,3.927335,12.000000,0.150000,30.000000
2024-6-3 19:06:08,29.495431,3.000000,3.923733,12.000000,0.150000,30.000000
2024-6-3 19:06:09,29.171338,3.000000,3.920053,12.000000,0.150000,30.000000
2024-6-3 19:06:10,28.849664,3.000000,3.916296,12.000000,0.150000,30.000000
2024-6-3 19:06:11,28.530431,3.000000,3.912463,12.000000,0.150000,30.000000
2024-6-3 19:06:12,28.213660,3.000000,3.908554,12.000000,0.150000,30.000000
2024-6-3 19:06:13,27.899373,3.000000,3.904570,12.000000,0.150000,30.000000
2024-6-3 19:06:14,27.587591,3.000000,3.900512,12.000000,0.150000,30.000000
2024-6-3 19:06:15,27.278333,3.000000,3.896380,12.000000,0.150000,30.000000
2024-6-3 19:06:16,26.971621,3.000000,3.892176,12.000000,0.150000,30.000000
2024-6-3 19:06:17,26.667473,3.000000,3.887900,12.000000,0.150000,30.000000
2024-6-3 19:06:18,26.365909,3.000000,3.883553,12.000000,0.150000,30.000000
2024-6-3 19:06:19,26.066949,3.000000,3.879135,12.000000,0.150000,30.000000
2024-6-3 19:06:20,25.770610,3.000000,3.874648,12.000000,0.150000,30.000000
2024-6-3 19:06:21,25.476912,3.000000,3.870092,12.000000,0.150000,30.000000
2024-6-3 19:06:22,25.185872,3.000000,3.865468,12.000000,0.150000,30.000000
2024-6-3 19:06:23,24.897508,3.000000,3.860777,12.000000,0.150000,30.000000
2024-6-3 19:06:24,24.611837,3.000000,3.856019,12.000000,0.150000,30.000000
2024-6-3 19:06:25,24.328876,3.000000,3.851195,12.000000,0.150000,30.000000
2024-6-3 19:06:26,24.048642,3.000000,3.846307,12.000000,0.150000,30.000000
2024-6-3 19:06:27,23.771150,3.000000,3.841354,12.000000,0.150000,30.000000
2024-6-3 19:06:28,23.496418,3.000000,3.836338,12.000000,0.150000,30.000000
2024-6-3 19:06:29,23.224459,3.000000,3.831259,12.000000,0.150000,30.000000
2024-6-3 19:06:30,22.955290,3.000000,3.826119,12.000000,0.150000,30.000000
2024-6-3 19:06:31,22.688926,3.000000,3.820918,12.000000,0.150000,30.000000
2024-6-3 19:06:32,22.425379,3.000000,3.815657,12.000000,0.150000,30.000000
2024-6-3 19:06:33,22.164666,3.000000,3.810336,12.000000,0.150000,30.000000
2024-6-3 19:06:34,21.906799,3.000000,3.804957,12.000000,0.150000,30.000000
2024-6-3 19:06:35,21.651792,3.000000,3.799520,12.000000,0.150000,30.000000
2024-6-3 19:06:36,21.399657,3.000000,3.794026,12.000000,0.150000,30.000000
2024-6-3 19:06:37,21.150408,3.000000,3.788476,12.000000,0.150000,30.000000
2024-6-3 19:06:38,20.904057,3.000000,3.782871,12.000000,0.150000,30.000000
2024-6-3 19:06:39,20.660615,3.000000,3.777212,12.000000,0.150000,30.000000
2024-6-3 19:06:40,20.420095,3.000000,3.771499,12.000000,0.150000,30.000000
2024-6-3 19:06:41,20.182507,3.000000,3.765733,12.000000,0.150000,30.000000
2024-6-3 19:06:42,19.947862,3.000000,3.759916,12.000000,0.150000,30.000000
2024-6-3 19:06:43,19.716172,3.000000,3.754047,12.000000,0.150000,30.000000
2024-6-3 19:06:44,19.487446,3.000000,3.748128,12.000000,0.150000,30.000000
2024-6-3 19:06:45,19.261693,3.000000,3.742159,12.000000,0.150000,30.000000
2024-6-3 19:06:46,19.038924,3.000000,3.736143,12.000000,0.150000,30.000000
2024-6-3 19:06:47,18.819148,3.000000,3.730078,12.000000,0.150000,30.000000
2024-6-3 19:06:48,18.602373,3.000000,3.723966,12.000000,0.150000,30.000000
2024-6-3 19:06:49,18.388608,3.000000,3.717808,12.000000,0.150000,30.000000
2024-6-3 19:06:50,18.177860,3.000000,3.711606,12.000000,0.150000,30.000000
2024-6-3 19:06:51,17.970138,3.000000,3.705358,12.000000,0.150000,30.000000
2024-6-3 19:06:52,17.765449,3.000000,3.699067,12.000000,0.150000,30.000000
2024-6-3 19:06:53,17.563800,3.000000,3.692734,12.000000,0.150000,30.000000
2024-6-3 19:06:54,17.365198,3.000000,3.686358,12.000000,0.150000,30.000000
2024-6-3 19:06:55,17.169648,3.000000,3.679942,12.000000,0.150000,30.000000
2024-6-3 19:06:56,16.977158,3.000000,3.673486,12.000000,0.150000,30.000000
2024-6-3 19:06:57,16.787732,3.000000,3.666990,12.000000,0.150000,30.000000
2024-6-3 19:06:58,16.601376,3.000000,3.660455,12.000000,0.150000,30.000000
2024-6-3 19:06:59,16.418095,3.000000,3.653883,12.000000,0.150000,30.000000
2024-6-3 19:07:00,16.237894,3.000000,3.647275,12.000000,0.150000,30.000000
2024-6-3 19:07:01,16.060776,3.000000,3.640630,12.000000,0.150000,30.000000
2024-6-3 19:07:02,15.886746,3.000000,3.633950,12.000000,0.150000,30.000000
2024-6-3 19:07:03,15.715808,3.000000,3.627236,12.000000,0.150000,30.000000
2024-6-3 19:07:04,15.547964,3.000000,3.620489,12.000000,0.150000,30.000000
2024-6-3 19:07:05,15.383218,3.000000,3.613709,12.000000,0.150000,30.000000
2024-6-3 19:07:06,15.221572,3.000000,3.606898,12.000000,0.150000,30.000000
2024-6-3 19:07:07,15.063029,3.000000,3.600055,12.000000,0.150000,30.000000
2024-6-3 19:07:08,14.907590,3.000000,3.593183,12.000000,0.150000,30.000000
2024-6-3 19:07:09,14.755257,3.000000,3.586281,12.000000,0.150000,30.000000
2024-6-3 19:07:10,14.606031,3.000000,3.579352,12.000000,0.150000,30.000000
2024-6-3 19:07:11,14.459913,3.000000,3.572394,12.000000,0.150000,30.000000
2024-6-3 19:07:12,14.316905,3.000000,3.565410,12.000000,0.150000,30.000000
2024-6-3 19:07:13,14.177006,3.000000,3.558401,12.000000,0.150000,30.000000
2024-6-3 19:07:14,14.040215,3.000000,3.551366,12.000000,0.150000,30.000000
2024-6-3 19:07:15,13.906534,3.000000,3.544307,12.000000,0.150000,30.000000
2024-6-3 19:07:16,13.775961,3.000000,3.537225,12.000000,0.150000,30.000000
2024-6-3 19:07:17,13.648495,3.000000,3.530121,12.000000,0.150000,30.000000
2024-6-3 19:07:18,13.524135,3.000000,3.522995,12.000000,0.150000,30.000000
2024-6-3 19:07:19,13.402879,3.000000,3.515848,12.000000,0.150000,30.000000
2024-6-3 19:07:20,13.284725,3.000000,3.508681,12.000000,0.150000,30.000000
2024-6-3 19:07:21,13.169672,3.000000,3.501495,12.000000,0.150000,30.000000
2024-6-3 19:07:22,13.057716,3.000000,3.494291,12.000000,0.150000,30.000000
2024-6-3 19:07:23,12.948855,3.000000,3.487070,12.000000,0.150000,30.000000
2024-6-3 19:07:24,12.843085,3.000000,3.479832,12.000000,0.150000,30.000000
2024-6-3 19:07:25,12.740404,3.000000,3.472578,12.000000,0.150000,30.000000
2024-6-3 19:07:26,12.640806,3.000000,3.465309,12.000000,0.150000,30.000000
2024-6-3 19:07:27,12.544289,3.000000,3.458026,12.000000,0.150000,30.000000
2024-6-3 19:07:28,12.450848,3.000000,3.450729,12.000000,0.150000,30.000000
2024-6-3 19:07:29,12.360478,3.000000,3.443420,12.000000,0.150000,30.000000
2024-6-3 19:07:30,12.273174,3.000000,3.436100,12.000000,0.150000,30.000000
2024-6-3 19:07:31,12.188931,3.000000,3.428768,12.000000,0.150000,30.000000
2024-6-3 19:07:32,12.107743,3.000000,3.421427,12.000000,0.150000,30.000000
2024-6-3 19:07:33,12.029604,3.000000,3.414076,12.000000,0.150000,30.000000
2024-6-3 19:07:34,11.954509,3.000000,3.406716,12.000000,0.150000,30.000000
2024-6-3 19:07:35,11.882451,3.000000,3.399349,12.000000,0.150000,30.000000
2024-6-3 19:07:36,11.813423,3.000000,3.391975,12.000000,0.150000,30.000000
2024-6-3 19:07:37,11.747418,3.000000,3.384595,12.000000,0.150000,30.000000
2024-6-3 19:07:38,11.684429,3.000000,3.377210,12.000000,0.150000,30.000000
2024-6-3 19:07:39,11.624448,3.000000,3.369820,12.000000,0.150000,30.000000
2024-6-3 19:07:40,11.567468,3.000000,3.362426,12.000000,0.150000,30.000000
2024-6-3 19:07:41,11.513480,3.000000,3.355030,12.000000,0.150000,30.000000
2024-6-3 19:07:42,11.462476,3.000000,3.347631,12.000000,0.150000,30.000000
2024-6-3 19:07:43,11.414448,3.000000,3.340231,12.000000,0.150000,30.000000
2024-6-3 19:07:44,11.369386,3.000000,3.332830,12.000000,0.150000,30.000000
2024-6-3 19:07:45,11.327281,3.000000,3.325430,12.000000,0.150000,30.000000
2024-6-3 19:07:46,11.288123,3.000000,3.318030,12.000000,0.150000,30.000000
2024-6-3 19:07:47,11.251904,3.000000,3.310632,12.000000,0.150000,30.000000
2024-6-3 19:07:48,11.218613,3.000000,3.303236,12.000000,0.150000,30.000000
2024-6-3 19:07:49,11.188240,3.000000,3.295844,12.000000,0.150000,30.000000
2024-6-3 19:07:50,11.160773,3.000000,3.288455,12.000000,0.150000,30.000000
2024-6-3 19:07:51,11.136204,3.000000,3.281071,12.000000,0.150000,30.000000
2024-6-3 19:07:52,11.114520,3.000000,3.273693,12.000000,0.150000,30.000000
2024-6-3 19:07:53,11.095711,3.000000,3.266321,12.000000,0.150000,30.000000
2024-6-3 19:07:54,11.079764,3.000000,3.258955,12.000000,0.150000,30.000000
2024-6-3 19:07:55,11.066669,3.000000,3.251598,12.000000,0.150000,30.000000
2024-6-3 19:07:56,11.056412,3.000000,3.244248,12.000000,0.150000,30.000000
2024-6-3 19:07:57,11.048983,3.000000,3.236908,12.000000,0.150000,30.000000
2024-6-3 19:07:58,11.044368,3.000000,3.229577,12.000000,0.150000,30.000000
2024-6-3 19:07:59,11.042555,3.000000,3.222257,12.000000,0.150000,30.000000
2024-6-3 19:08:00,11.043531,3.000000,3.214948,12.000000,0.150000,30.000000
2024-6-3 19:08:01,11.047282,3.000000,3.207651,12.000000,0.150000,30.000000
2024-6-3 19:08:02,11.053797,3.000000,3.200367,12.000000,0.150000,30.000000
2024-6-3 19:08:03,11.063059,3.000000,3.193096,12.000000,0.150000,30.000000
2024-6-3 19:08:04,11.075057,3.000000,3.185839,12.000000,0.150000,30.000000
2024-6-3 19:08:05,11.089776,3.000000,3.178597,12.000000,0.150000,30.000000
2024-6-3 19:08:06,11.107202,3.000000,3.171370,12.000000,0.150000,30.000000
2024-6-3 19:08:07,11.127320,3.000000,3.164159,12.000000,0.150000,30.000000
2024-6-3 19:08:08,11.150115,3.000000,3.156965,12.000000,0.150000,30.000000
2024-6-3 19:08:09,11.175573,3.000000,3.149788,12.000000,0.150000,30.000000
2024-6-3 19:08:10,11.203679,3.000000,3.142629,12.000000,0.150000,30.000000
2024-6-3 19:08:11,11.234417,3.000000,3.135489,12.000000,0.150000,30.000000
2024-6-3 19:08:12,11.267772,3.000000,3.128368,12.000000,0.150000,30.000000
2024-6-3 19:08:13,11.303728,3.000000,3.121267,12.000000,0.150000,30.000000
2024-6-3 19:08:14,11.342269,3.000000,3.114187,12.000000,0.150000,30.000000
2024-6-3 19:08:15,11.383380,3.000000,3.107128,12.000000,0.150000,30.000000
2024-6-3 19:08:16,11.427043,3.000000,3.100092,12.000000,0.150000,30.000000
2024-6-3 19:08:17,11.473243,3.000000,3.093077,12.000000,0.150000,30.000000
2024-6-3 19:08:18,11.521962,3.000000,3.086086,12.000000,0.150000,30.000000
2024-6-3 19:08:19,11.573185,3.000000,3.079119,12.000000,0.150000,30.000000
2024-6-3 19:08:20,11.626893,3.000000,3.072175,12.000000,0.150000,30.000000
2024-6-3 19:08:21,11.683070,3.000000,3.065257,12.000000,0.150000,30.000000
2024-6-3 19:08:22,11.741699,3.000000,3.058365,12.000000,0.150000,30.000000
2024-6-3 19:08:23,11.802761,3.000000,3.051499,12.000000,0.150000,30.000000
2024-6-3 19:08:24,11.866240,3.000000,3.044659,12.000000,0.150000,30.000000
2024-6-3 19:08:25,11.932117,3.000000,3.037847,12.000000,0.150000,30.000000
2024-6-3 19:08:26,12.000374,3.000000,3.031063,12.000000,0.150000,30.000000
2024-6-3 19:08:27,12.070993,3.000000,3.024307,12.000000,0.150000,30.000000
2024-6-3 19:08:28,12.143956,3.000000,3.017581,12.000000,0.150000,30.000000
2024-6-3 19:08:29,12.219244,3.000000,3.010884,12.000000,0.150000,30.000000
2024-6-3 19:08:30,12.296838,3.000000,3.004217,12.000000,0.150000,30.000000
2024-6-3 19:08:31,12.376721,3.000000,2.997581,12.000000,0.150000,30.000000
2024-6-3 19:08:32,12.458872,3.000000,2.990976,12.000000,0.150000,30.000000
2024-6-3 19:08:33,12.543272,3.000000,2.984403,12.000000,0.150000,30.000000
2024-6-3 19:08:34,12.629903,3.000000,2.977862,12.000000,0.150000,30.000000
2024-6-3 19:08:35,12.718745,3.000000,2.971354,12.000000,0.150000,30.000000
2024-6-3 19:08:36,12.809778,3.000000,2.964880,12.000000,0.150000,30.000000
2024-6-3 19:08:37,12.902984,3.000000,2.958440,12.000000,0.150000,30.000000
2024-6-3 19:08:38,12.998341,3.000000,2.952034,12.000000,0.150000,30.000000
2024-6-3 19:08:39,13.095830,3.000000,2.945662,12.000000,0.150000,30.000000
2024-6-3 19:08:40,13.195431,3.000000,2.939327,12.000000,0.150000,30.000000
2024-6-3 19:08:41,13.297125,3.000000,2.933027,12.000000,0.150000,30.000000
2024-6-3 19:08:42,13.400889,3.000000,2.926764,12.000000,0.150000,30.000000
2024-6-3 19:08:43,13.506705,3.000000,2.920537,12.000000,0.150000,30.000000
2024-6-3 19:08:44,13.614552,3.000000,2.914348,12.000000,0.150000,30.000000
2024-6-3 19:08:45,13.724408,3.000000,2.908196,12.000000,0.150000,30.000000
2024-6-3 19:08:46,13.836254,3.000000,2.902083,12.000000,0.150000,30.000000
2024-6-3 19:08:47,13.950068,3.000000,2.896009,12.000000,0.150000,30.000000
2024-6-3 19:08:48,14.065829,3.000000,2.889973,12.000000,0.150000,30.000000
2024-6-3 19:08:49,14.183517,3.000000,2.883977,12.000000,0.150000,30.000000
2024-6-3 19:08:50,14.303110,3.000000,2.878022,12.000000,0.150000,30.000000
2024-6-3 19:08:51,14.424587,3.000000,2.872107,12.000000,0.150000,30.000000
2024-6-3 19:08:52,14.547927,3.000000,2.866232,12.000000,0.150000,30.000000
2024-6-3 19:08:53,14.673107,3.000000,2.860399,12.000000,0.150000,30.000000
2024-6-3 19:08:54,14.800108,3.000000,2.854608,12.000000,0.150000,30.000000
2024-6-3 19:08:55,14.928906,3.000000,2.848858,12.000000,0.150000,30.000000
2024-6-3 19:08:56,15.059480,3.000000,2.843152,12.000000,0.150000,30.000000
2024-6-3 19:08:57,15.191810,3.000000,2.837488,12.000000,0.150000,30.000000
2024-6-3 19:08:58,15.325871,3.000000,2.831867,12.000000,0.150000,30.000000
2024-6-3 19:08:59,15.461644,3.000000,2.826290,12.000000,0.150000,30.000000
2024-6-3 19:09:00,15.599105,3.000000,2.820757,12.000000,0.150000,30.000000
2024-6-3 19:09:01,15.738233,3.000000,2.815268,12.000000,0.150000,30.000000
2024-6-3 19:09:02,15.879006,3.000000,2.809825,12.000000,0.150000,30.000000
2024-6-3 19:09:03,16.021401,3.000000,2.804426,12.000000,0.150000,30.000000
2024-6-3 19:09:04,16.165396,3.000000,2.799072,12.000000,0.150000,30.000000
2024-6-3 19:09:05,16.310968,3.000000,2.793765,12.000000,0.150000,30.000000
2024-6-3 19:09:06,16.458097,3.000000,2.788503,12.000000,0.150000,30.000000
2024-6-3 19:09:07,16.606758,3.000000,2.783288,12.000000,0.150000,30.000000
2024-6-3 19:09:08,16.756929,3.000000,2.778120,12.000000,0.150000,30.000000
2024-6-3 19:09:09,16.908589,3.000000,2.772999,12.000000,0.150000,30.000000
2024-6-3 19:09:10,17.061714,3.000000,2.767925,12.000000,0.150000,30.000000
2024-6-3 19:09:11,17.216281,3.000000,2.762899,12.000000,0.150000,30.000000
2024-6-3 19:09:12,17.372269,3.000000,2.757921,12.000000,0.150000,30.000000
2024-6-3 19:09:13,17.529654,3.000000,2.752991,12.000000,0.150000,30.000000
2024-6-3 19:09:14,17.688414,3.000000,2.748109,12.000000,0.150000,30.000000
2024-6-3 19:09:15,17.848526,3.000000,2.743276,12.000000,0.150000,30.000000
2024-6-3 19:09:16,18.009967,3.000000,2.738493,12.000000,0.150000,30.000000
2024-6-3 19:09:17,18.172714,3.000000,2.733758,12.000000,0.150000,30.000000
2024-6-3 19:09:18,18.336745,3.000000,2.729074,12.000000,0.150000,30.000000
2024-6-3 19:09:19,18.502036,3.000000,2.724439,12.000000,0.150000,30.000000
2024-6-3 19:09:20,18.668565,3.000000,2.719854,12.000000,0.150000,30.000000
2024-6-3 19:09:21,18.836309,3.000000,2.715319,12.000000,0.150000,30.000000
2024-6-3 19:09:22,19.005245,3.000000,2.710835,12.000000,0.150000,30.000000
2024-6-3 19:09:23,19.175350,3.000000,2.706402,12.000000,0.150000,30.000000
2024-6-3 19:09:24,19.346601,3.000000,2.702020,12.000000,0.150000,30.000000
2024-6-3 19:09:25,19.518975,3.000000,2.697689,12.000000,0.150000,30.000000
2024-6-3 19:09:26,19.692449,3.000000,2.693409,12.000000,0.150000,30.000000
2024-6-3 19:09:27,19.867001,3.000000,2.689181,12.000000,0.150000,30.000000
2024-6-3 19:09:28,20.042606,3.000000,2.685004,12.000000,0.150000,30.000000
2024-6-3 19:09:29,20.219243,3.000000,2.680880,12.000000,0.150000,30.000000
2024-6-3 19:09:30,20.396888,3.000000,2.676808,12.000000,0.150000,30.000000
2024-6-3 19:09:31,20.575519,3.000000,2.672787,12.000000,0.150000,30.000000
2024-6-3 19:09:32,20.755112,3.000000,2.668820,12.000000,0.150000,30.000000
2024-6-3 19:09:33,20.935645,3.000000,2.664905,12.000000,0.150000,30.000000
2024-6-3 19:09:34,21.117094,3.000000,2.661043,12.000000,0.150000,30.000000
2024-6-3 19:09:35,21.299437,3.000000,2.657233,12.000000,0.150000,30.000000
2024-6-3 19:09:36,21.482651,3.000000,2.653477,12.000000,0.150000,30.000000
2024-6-3 19:09:37,21.666713,3.000000,2.649774,12.000000,0.150000,30.000000
2024-6-3 19:09:38,21.851600,3.000000,2.646124,12.000000,0.150000,30.000000
2024-6-3 19:09:39,22.037290,3.000000,2.642528,12.000000,0.150000,30.000000
2024-6-3 19:09:40,22.223759,3.000000,2.638985,12.000000,0.150000,30.000000
2024-6-3 19:09:41,22.410986,3.000000,2.635496,12.000000,0.150000,30.000000
2024-6-3 19:09:42,22.598946,3.000000,2.632061,12.000000,0.150000,30.000000
2024-6-3 19:09:43,22.787618,3.000000,2.628680,12.000000,0.150000,30.000000
2024-6-3 19:09:44,22.976979,3.000000,2.625352,12.000000,0.150000,30.000000
2024-6-3 19:09:45,23.167006,3.000000,2.622079,12.000000,0.150000,30.000000
2024-6-3 19:09:46,23.357677,3.000000,2.618859,12.000000,0.150000,30.000000
2024-6-3 19:09:47,23.548969,3.000000,2.615694,12.000000,0.150000,30.000000
2024-6-3 19:09:48,23.740860,3.000000,2.612583,12.000000,0.150000,30.000000
2024-6-3 19:09:49,23.933327,3.000000,2.609526,12.000000,0.150000,30.000000
2024-6-3 19:09:50,24.126348,3.000000,2.606524,12.000000,0.150000,30.000000
2024-6-3 19:09:51,24.319901,3.000000,2.603576,12.000000,0.150000,30.000000
2024-6-3 19:09:52,24.513963,3.000000,2.600683,12.000000,0.150000,30.000000
2024-6-3 19:09:53,24.708513,3.000000,2.597844,12.000000,0.150000,30.000000
2024-6-3 19:09:54,24.903527,3.000000,2.595059,12.000000,0.150000,30.000000
2024-6-3 19:09:55,25.098985,3.000000,2.592329,12.000000,0.150000,30.000000
2024-6-3 19:09:56,25.294863,3.000000,2.589654,12.000000,0.150000,30.000000
2024-6-3 19:09:57,25.491140,3.000000,2.587033,12.000000,0.150000,30.000000
2024-6-3 19:09:58,25.687794,3.000000,2.584467,12.000000,0.150000,30.000000
2024-6-3 19:09:59,25.884803,3.000000,2.581955,12.000000,0.150000,30.000000
2024-6-3 19:10:00,26.082146,3.000000,2.579498,12.000000,0.150000,30.000000
2024-6-3 19:10:01,26.279800,3.000000,2.577096,12.000000,0.150000,30.000000
2024-6-3 19:10:02,26.477745,3.000000,2.574748,12.000000,0.150000,30.000000
2024-6-3 19:10:03,26.675958,3.000000,2.572455,12.000000,0.150000,30.000000
2024-6-3 19:10:04,26.874418,3.000000,2.570216,12.000000,0.150000,30.000000
2024-6-3 19:10:05,27.073104,3.000000,2.568031,12.000000,0.150000,30.000000
2024-6-3 19:10:06,27.271994,3.000000,2.565901,12.000000,0.150000,30.000000
2024-6-3 19:10:07,27.471068,3.000000,2.563825,12.000000,0.150000,30.000000
2024-6-3 19:10:08,27.670303,3.000000,2.561804,12.000000,0.150000,30.000000
2024-6-3 19:10:09,27.869680,3.000000,2.559837,12.000000,0.150000,30.000000
2024-6-3 19:10:10,28.069176,3.000000,2.557924,12.000000,0.150000,30.000000
2024-6-3 19:10:11,28.268772,3.000000,2.556066,12.000000,0.150000,30.000000
2024-6-3 19:10:12,28.468446,3.000000,2.554261,12.000000,0.150000,30.000000
2024-6-3 19:10:13,28.668177,3.000000,2.552511,12.000000,0.150000,30.000000
2024-6-3 19:10:14,28.867946,3.000000,2.550814,12.000000,0.150000,30.000000
2024-6-3 19:10:15,29.067731,3.000000,2.549171,12.000000,0.150000,30.000000
2024-6-3 19:10:16,29.267512,3.000000,2.547582,12.000000,0.150000,30.000000
2024-6-3 19:10:17,29.467269,3.000000,2.546047,12.000000,0.150000,30.000000
2024-6-3 19:10:18,29.666981,3.000000,2.544565,12.000000,0.150000,30.000000
2024-6-3 19:10:19,29.866630,3.000000,2.543137,12.000000,0.150000,30.000000
2024-6-3 19:10:20,30.066193,3.000000,2.541762,12.000000,0.150000,30.000000
2024-6-3 19:10:21,30.265652,3.000000,2.540440,12.000000,0.150000,30.000000
2024-6-3 19:10:22,30.464987,3.000000,2.539171,12.000000,0.150000,30.000000
2024-6-3 19:10:23,30.664179,3.000000,2.537955,12.000000,0.150000,30.000000
2024-6-3 19:10:24,30.863206,3.000000,2.536792,12.000000,0.150000,30.000000
2024-6-3 19:10:25,31.062051,3.000000,2.535682,12.000000,0.150000,30.000000
2024-6-3 19:10:26,31.260694,3.000000,2.534625,12.000000,0.150000,30.000000
2024-6-3 19:10:27,31.459115,3.000000,2.533619,12.000000,0.150000,30.000000
2024-6-3 19:10:28,31.657296,3.000000,2.532666,12.000000,0.150000,30.000000
2024-6-3 19:10:29,31.855217,3.000000,2.531766,12.000000,0.150000,30.000000
2024-6-3 19:10:30,32.052859,3.000000,2.530917,12.000000,0.150000,30.000000
2024-6-3 19:10:31,32.250205,3.000000,2.530120,12.000000,0.150000,30.000000
2024-6-3 19:10:32,32.447234,3.000000,2.529374,12.000000,0.150000,30.000000
2024-6-3 19:10:33,32.643930,3.000000,2.528680,12.000000,0.150000,30.000000
2024-6-3 19:10:34,32.840272,3.000000,2.528038,12.000000,0.150000,30.000000
2024-6-3 19:10:35,33.036243,3.000000,2.527446,12.000000,0.150000,30.000000
2024-6-3 19:10:36,33.231826,3.000000,2.526905,12.000000,0.150000,30.000000
2024-6-3 19:10:37,33.427001,3.000000,2.526415,12.000000,0.150000,30.000000
2024-6-3 19:10:38,33.621751,3.000000,2.525976,12.000000,0.150000,30.000000
2024-6-3 19:10:39,33.816058,3.000000,2.525587,12.000000,0.150000,30.000000
2024-6-3 19:10:40,34.009905,3.000000,2.525247,12.000000,0.150000,30.000000
2024-6-3 19:10:41,34.203274,3.000000,2.524958,12.000000,0.150000,30.000000
2024-6-3 19:10:42,34.396147,3.000000,2.524719,12.000000,0.150000,30.000000
2024-6-3 19:10:43,34.588508,3.000000,2.524529,12.000000,0.150000,30.000000
2024-6-3 19:10:44,34.780340,3.000000,2.524388,12.000000,0.150000,30.000000
2024-6-3 19:10:45,34.971625,3.000000,2.524297,12.000000,0.150000,30.000000
2024-6-3 19:10:46,35.162346,3.000000,2.524254,12.000000,0.150000,30.000000
2024-6-3 19:10:47,35.352488,3.000000,2.524260,12.000000,0.150000,30.000000
2024-6-3 19:10:48,35.542033,3.000000,2.524314,12.000000,0.150000,30.000000
2024-6-3 19:10:49,35.730964,3.000000,2.524416,12.000000,0.150000,30.000000
2024-6-3 19:10:50,35.919267,3.000000,2.524566,12.000000,0.150000,30.000000
2024-6-3 19:10:51,36.106924,3.000000,2.524764,12.000000,0.150000,30.000000
2024-6-3 19:10:52,36.293920,3.000000,2.525009,12.000000,0.150000,30.000000
2024-6-3 19:10:53,36.480239,3.000000,2.525301,12.000000,0.150000,30.000000
2024-6-3 19:10:54,36.665865,3.000000,2.525640,12.000000,0.150000,30.000000
2024-6-3 19:10:55,36.850783,3.000000,2.526026,12.000000,0.150000,30.000000
2024-6-3 19:10:56,37.034977,3.000000,2.526458,12.000000,0.150000,30.000000
2024-6-3 19:10:57,37.218432,3.000000,2.526936,12.000000,0.150000,30.000000
2024-6-3 19:10:58,37.401132,3.000000,2.527460,12.000000,0.150000,30.000000
2024-6-3 19:10:59,37.583064,3.000000,2.528029,12.000000,0.150000,30.000000
2024-6-3 19:11:00,37.764212,3.000000,2.528644,12.000000,0.150000,30.000000
2024-6-3 19:11:01,37.944562,3.000000,2.529303,12.000000,0.150000,30.000000
2024-6-3 19:11:02,38.124098,3.000000,2.530008,12.000000,0.150000,30.000000
2024-6-3 19:11:03,38.302807,3.000000,2.530756,12.000000,0.150000,30.000000
2024-6-3 19:11:04,38.480675,3.000000,2.531549,12.000000,0.150000,30.000000
2024-6-3 19:11:05,38.657687,3.000000,2.532386,12.000000,0.150000,30.000000
2024-6-3 19:11:06,38.833830,3.000000,2.533266,12.000000,0.150000,30.000000
2024-6-3 19:11:07,39.009089,3.000000,2.534189,12.000000,0.150000,30.000000
2024-6-3 19:11:08,39.183452,3.000000,2.535156,12.000000,0.150000,30.000000
2024-6-3 19:11:09,39.356905,3.000000,2.536165,12.000000,0.150000,30.000000
2024-6-3 19:11:10,39.529435,3.000000,2.537216,12.000000,0.150000,30.000000
2024-6-3 19:11:11,39.701027,3.000000,2.538309,12.000000,0.150000,30.000000
2024-6-3 19:11:12,39.871671,3.000000,2.539444,12.000000,0.150000,30.000000
2024-6-3 19:11:13,40.041352,3.000000,2.540620,12.000000,0.150000,30.000000
2024-6-3 19:11:14,40.210059,3.000000,2.541837,12.000000,0.150000,30.000000
2024-6-3 19:11:15,40.377778,3.000000,2.543095,12.000000,0.150000,30.000000
2024-6-3 19:11:16,40.544498,3.000000,2.544394,12.000000,0.150000,30.000000
2024-6-3 19:11:17,40.710206,3.000000,2.545732,12.000000,0.150000,30.000000
2024-6-3 19:11:18,40.874890,3.000000,2.547111,12.000000,0.150000,30.000000
2024-6-3 19:11:19,41.038539,3.000000,2.548528,12.000000,0.150000,30.000000
2024-6-3 19:11:20,41.201140,3.000000,2.549985,12.000000,0.150000,30.000000
2024-6-3 19:11:21,41.362683,3.000000,2.551480,12.000000,0.150000,30.000000
2024-6-3 19:11:22,41.523155,3.000000,2.553014,12.000000,0.150000,30.000000
2024-6-3 19:11:23,41.682547,3.000000,2.554586,12.000000,0.150000,30.000000
2024-6-3 19:11:24,41.840846,3.000000,2.556196,12.000000,0.150000,30.000000
2024-6-3 19:11:25,41.998042,3.000000,2.557843,12.000000,0.150000,30.000000
2024-6-3 19:11:26,42.154124,3.000000,2.559527,12.000000,0.150000,30.000000
2024-6-3 19:11:27,42.309082,3.000000,2.561248,12.000000,0.150000,30.000000
2024-6-3 19:11:28,42.462905,3.000000,2.563005,12.000000,0.150000,30.000000
2024-6-3 19:11:29,42.615584,3.000000,2.564798,12.000000,0.150000,30.000000
2024-6-3 19:11:30,42.767107,3.000000,2.566627,12.000000,0.150000,30.000000
2024-6-3 19:11:31,42.917466,3.000000,2.568491,12.000000,0.150000,30.000000
2024-6-3 19:11:32,43.066650,3.000000,2.570390,12.000000,0.150000,30.000000
2024-6-3 19:11:33,43.214650,3.000000,2.572324,12.000000,0.150000,30.000000
2024-6-3 19:11:34,43.361457,3.000000,2.574292,12.000000,0.150000,30.000000
2024-6-3 19:11:35,43.507061,3.000000,2.576293,12.000000,0.150000,30.000000
2024-6-3 19:11:36,43.651454,3.000000,2.578328,12.000000,0.150000,30.000000
2024-6-3 19:11:37,43.794626,3.000000,2.580396,12.000000,0.150000,30.000000
2024-6-3 19:11:38,43.936569,3.000000,2.582497,12.000000,0.150000,30.000000
2024-6-3 19:11:39,44.077273,3.000000,2.584630,12.000000,0.150000,30.000000
2024-6-3 19:11:40,44.216732,3.000000,2.586796,12.000000,0.150000,30.000000
2024-6-3 19:11:41,44.354937,3.000000,2.588993,12.000000,0.150000,30.000000
2024-6-3 19:11:42,44.491879,3.000000,2.591221,12.000000,0.150000,30.000000
2024-6-3 19:11:43,44.627550,3.000000,2.593480,12.000000,0.150000,30.000000
2024-6-3 19:11:44,44.761944,3.000000,2.595769,12.000000,0.150000,30.000000
2024-6-3 19:11:45,44.895052,3.000000,2.598089,12.000000,0.150000,30.000000
2024-6-3 19:11:46,45.026867,3.000000,2.600438,12.000000,0.150000,30.000000
2024-6-3 19:11:47,45.157381,3.000000,2.602817,12.000000,0.150000,30.000000
2024-6-3 19:11:48,45.286589,3.000000,2.605224,12.000000,0.150000,30.000000
2024-6-3 19:11:49,45.414482,3.000000,2.607661,12.000000,0.150000,30.000000
2024-6-3 19:11:50,45.541055,3.000000,2.610125,12.000000,0.150000,30.000000
2024-6-3 19:11:51,45.666300,3.000000,2.612618,12.000000,0.150000,30.000000
2024-6-3 19:11:52,45.790211,3.000000,2.615137,12.000000,0.150000,30.000000
2024-6-3 19:11:53,45.912782,3.000000,2.617684,12.000000,0.150000,30.000000
2024-6-3 19:11:54,46.034006,3.000000,2.620258,12.000000,0.150000,30.000000
2024-6-3 19:11:55,46.153879,3.000000,2.622858,12.000000,0.150000,30.000000
2024-6-3 19:11:56,46.272394,3.000000,2.625483,12.000000,0.150000,30.000000
2024-6-3 19:11:57,46.389546,3.000000,2.628134,12.000000,0.150000,30.000000
2024-6-3 19:11:58,46.505328,3.000000,2.630811,12.000000,0.150000,30.000000
2024-6-3 19:11:59,46.619737,3.000000,2.633512,12.000000,0.150000,30.000000
2024-6-3 19:12:00,46.732767,3.000000,2.636237,12.000000,0.150000,30.000000
2024-6-3 19:12:01,46.844412,3.000000,2.638987,12.000000,0.150000,30.000000
2024-6-3 19:12:02,46.954669,3.000000,2.641760,12.000000,0.150000,30.000000
2024-6-3 19:12:03,47.063532,3.000000,2.644556,12.000000,0.150000,30.000000
2024-6-3 19:12:04,47.170998,3.000000,2.647375,12.000000,0.150000,30.000000
2024-6-3 19:12:05,47.277061,3.000000,2.650216,12.000000,0.150000,30.000000
2024-6-3 19:12:06,47.381718,3.000000,2.653079,12.000000,0.150000,30.000000
2024-6-3 19:12:07,47.484965,3.000000,2.655964,12.000000,0.150000,30.000000
2024-6-3 19:12:08,47.586798,3.000000,2.658870,12.000000,0.150000,30.000000
2024-6-3 19:12:09,47.687213,3.000000,2.661797,12.000000,0.150000,30.000000
2024-6-3 19:12:10,47.786207,3.000000,2.664744,12.000000,0.150000,30.000000
2024-6-3 19:12:11,47.883777,3.000000,2.667711,12.000000,0.150000,30.000000
2024-6-3 19:12:12,47.979919,3.000000,2.670698,12.000000,0.150000,30.000000
2024-6-3 19:12:13,48.074630,3.000000,2.673704,12.000000,0.150000,30.000000
2024-6-3 19:12:14,48.167908,3.000000,2.676729,12.000000,0.150000,30.000000
2024-6-3 19:12:15,48.259750,3.000000,2.679773,12.000000,0.150000,30.000000
2024-6-3 19:12:16,48.350154,3.000000,2.682834,12.000000,0.150000,30.000000
2024-6-3 19:12:17,48.439116,3.000000,2.685913,12.000000,0.150000,30.000000
2024-6-3 19:12:18,48.526636,3.000000,2.689009,12.000000,0.150000,30.000000
2024-6-3 19:12:19,48.612710,3.000000,2.692123,12.000000,0.150000,30.000000
2024-6-3 19:12:20,48.697337,3.000000,2.695252,12.000000,0.150000,30.000000
2024-6-3 19:12:21,48.780515,3.000000,2.698398,12.000000,0.150000,30.000000
2024-6-3 19:12:22,48.862242,3.000000,2.701560,12.000000,0.150000,30.000000
2024-6-3 19:12:23,48.942518,3.000000,2.704736,12.000000,0.150000,30.000000
2024-6-3 19:12:24,49.021340,3.000000,2.707928,12.000000,0.150000,30.000000
2024-6-3 19:12:25,49.098708,3.000000,2.711134,12.000000,0.150000,30.000000
2024-6-3 19:12:26,49.174621,3.000000,2.714354,12.000000,0.150000,30.000000
2024-6-3 19:12:27,49.249078,3.000000,2.717588,12.000000,0.150000,30.000000
2024-6-3 19:12:28,49.322078,3.000000,2.720835,12.000000,0.150000,30.000000
2024-6-3 19:12:29,49.393620,3.000000,2.724096,12.000000,0.150000,30.000000
2024-6-3 19:12:30,49.463705,3.000000,2.727368,12.000000,0.150000,30.000000
2024-6-3 19:12:31,49.532331,3.000000,2.730653,12.000000,0.150000,30.000000
2024-6-3 19:12:32,49.599500,3.000000,2.733950,12.000000,0.150000,30.000000
2024-6-3 19:12:33,49.665211,3.000000,2.737258,12.000000,0.150000,30.000000
2024-6-3 19:12:34,49.729464,3.000000,2.740577,12.000000,0.150000,30.000000
2024-6-3 19:12:35,49.792259,3.000000,2.743907,12.000000,0.150000,30.000000
2024-6-3 19:12:36,49.853597,3.000000,2.747247,12.000000,0.150000,30.000000
2024-6-3 19:12:37,49.913480,3.000000,2.750596,12.000000,0.150000,30.000000
2024-6-3 19:12:38,49.971906,3.000000,2.753956,12.000000,0.150000,30.000000
2024-6-3 19:12:39,50.028878,3.000000,2.757324,12.000000,0.150000,30.000000
2024-6-3 19:12:40,50.084397,3.000000,2.760701,12.000000,0.150000,30.000000
2024-6-3 19:12:41,50.138463,3.000000,2.764086,12.000000,0.150000,30.000000
2024-6-3 19:12:42,50.191078,3.000000,2.767479,12.000000,0.150000,30.000000
2024-6-3 19:12:43,50.242244,3.000000,2.770880,12.000000,0.150000,30.000000
2024-6-3 19:12:44,50.291962,3.000000,2.774288,12.000000,0.150000,30.000000
2024-6-3 19:12:45,50.340233,3.000000,2.777703,12.000000,0.150000,30.000000
2024-6-3 19:12:46,50.387061,3.000000,2.781124,12.000000,0.150000,30.000000
2024-6-3 19:12:47,50.432446,3.000000,2.784551,12.000000,0.150000,30.000000
2024-6-3 19:12:48,50.476392,3.000000,2.787984,12.000000,0.150000,30.000000
2024-6-3 19:12:49,50.518900,3.000000,2.791422,12.000000,0.150000,30.000000
2024-6-3 19:12:50,50.559972,3.000000,2.794865,12.000000,0.150000,30.000000
2024-6-3 19:12:51,50.599612,3.000000,2.798313,12.000000,0.150000,30.000000
2024-6-3 19:12:52,50.637823,3.000000,2.801765,12.000000,0.150000,30.000000
2024-6-3 19:12:53,50.674606,3.000000,2.805220,12.000000,0.150000,30.000000
2024-6-3 19:12:54,50.709964,3.000000,2.808679,12.000000,0.150000,30.000000
2024-6-3 19:12:55,50.743902,3.000000,2.812142,12.000000,0.150000,30.000000
2024-6-3 19:12:56,50.776422,3.000000,2.815607,12.000000,0.150000,30.000000
2024-6-3 19:12:57,50.807528,3.000000,2.819074,12.000000,0.150000,30.000000
2024-6-3 19:12:58,50.837223,3.000000,2.822543,12.000000,0.150000,30.000000
2024-6-3 19:12:59,50.865510,3.000000,2.826014,12.000000,0.150000,30.000000
2024-6-3 19:13:00,50.892394,3.000000,2.829486,12.000000,0.150000,30.000000
2024-6-3 19:13:01,50.917878,3.000000,2.832959,12.000000,0.150000,30.000000
2024-6-3 19:13:02,50.941966,3.000000,2.836433,12.000000,0.150000,30.000000
2024-6-3 19:13:03,50.964663,3.000000,2.839907,12.000000,0.150000,30.000000
2024-6-3 19:13:04,50.985972,3.000000,2.843381,12.000000,0.150000,30.000000
2024-6-3 19:13:05,51.005898,3.000000,2.846854,12.000000,0.150000,30.000000
2024-6-3 19:13:06,51.024445,3.000000,2.850327,12.000000,0.150000,30.000000
2024-6-3 19:13:07,51.041618,3.000000,2.853798,12.000000,0.150000,30.000000
2024-6-3 19:13:08,51.057422,3.000000,2.857268,12.000000,0.150000,30.000000
2024-6-3 19:13:09,51.071861,3.000000,2.860736,12.000000,0.150000,30.000000
2024-6-3 19:13:10,51.084941,3.000000,2.864202,12.000000,0.150000,30.000000
2024-6-3 19:13:11,51.096666,3.000000,2.867666,12.000000,0.150000,30.000000
2024-6-3 19:13:12,51.107041,3.000000,2.871126,12.000000,0.150000,30.000000
2024-6-3 19:13:13,51.116072,3.000000,2.874583,12.000000,0.150000,30.000000
2024-6-3 19:13:14,51.123765,3.000000,2.878037,12.000000,0.150000,30.000000
2024-6-3 19:13:15,51.130124,3.000000,2.881487,12.000000,0.150000,30.000000
2024-6-3 19:13:16,51.135155,3.000000,2.884932,12.000000,0.150000,30.000000
2024-6-3 19:13:17,51.138865,3.000000,2.888374,12.000000,0.150000,30.000000
2024-6-3 19:13:18,51.141258,3.000000,2.891810,12.000000,0.150000,30.000000
2024-6-3 19:13:19,51.142341,3.000000,2.895241,12.000000,0.150000,30.000000
2024-6-3 19:13:20,51.142119,3.000000,2.898667,12.000000,0.150000,30.000000
2024-6-3 19:13:21,51.140599,3.000000,2.902086,12.000000,0.150000,30.000000
2024-6-3 19:13:22,51.137787,3.000000,2.905500,12.000000,0.150000,30.000000
2024-6-3 19:13:23,51.133690,3.000000,2.908907,12.000000,0.150000,30.000000
2024-6-3 19:13:24,51.128313,3.000000,2.912308,12.000000,0.150000,30.000000
2024-6-3 19:13:25,51.121664,3.000000,2.915701,12.000000,0.150000,30.000000
2024-6-3 19:13:26,51.113749,3.000000,2.919087,12.000000,0.150000,30.000000
2024-6-3 19:13:27,51.104574,3.000000,2.922466,12.000000,0.150000,30.000000
2024-6-3 19:13:28,51.094146,3.000000,2.925836,12.000000,0.150000,30.000000
2024-6-3 19:13:29,51.082473,3.000000,2.929198,12.000000,0.150000,30.000000
2024-6-3 19:13:30,51.069561,3.000000,2.932551,12.000000,0.150000,30.000000
2024-6-3 19:13:31,51.055418,3.000000,2.935896,12.000000,0.150000,30.000000
2024-6-3 19:13:32,51.040050,3.000000,2.939232,12.000000,0.150000,30.000000
2024-6-3 19:13:33,51.023465,3.000000,2.942557,12.000000,0.150000,30.000000
2024-6-3 19:13:34,51.005671,3.000000,2.945874,12.000000,0.150000,30.000000
2024-6-3 19:13:35,50.986674,3.000000,2.949180,12.000000,0.150000,30.000000
2024-6-3 19:13:36,50.966482,3.000000,2.952476,12.000000,0.150000,30.000000
2024-6-3 19:13:37,50.945103,3.000000,2.955761,12.000000,0.150000,30.000000
2024-6-3 19:13:38,50.922545,3.000000,2.959035,12.000000,0.150000,30.000000
2024-6-3 19:13:39,50.898815,3.000000,2.962298,12.000000,0.150000,30.000000
2024-6-3 19:13:40,50.873921,3.000000,2.965550,12.000000,0.150000,30.000000
2024-6-3 19:13:41,50.847872,3.000000,2.968790,12.000000,0.150000,30.000000
2024-6-3 19:13:42,50.820674,3.000000,2.972017,12.000000,0.150000,30.000000
2024-6-3 19:13:43,50.792337,3.000000,2.975233,12.000000,0.150000,30.000000
2024-6-3 19:13:44,50.762869,3.000000,2.978436,12.000000,0.150000,30.000000
2024-6-3 19:13:45,50.732277,3.000000,2.981626,12.000000,0.150000,30.000000
2024-6-3 19:13:46,50.700570,3.000000,2.984804,12.000000,0.150000,30.000000
2024-6-3 19:13:47,50.667757,3.000000,2.987968,12.000000,0.150000,30.000000
2024-6-3 19:13:48,50.633845,3.000000,2.991118,12.000000,0.150000,30.000000
2024-6-3 19:13:49,50.598844,3.000000,2.994254,12.000000,0.150000,30.000000
2024-6-3 19:13:50,50.562763,3.000000,2.997377,12.000000,0.150000,30.000000
2024-6-3 19:13:51,50.525609,3.000000,3.000485,12.000000,0.150000,30.000000
2024-6-3 19:13:52,50.487391,3.000000,3.003578,12.000000,0.150000,30.000000
2024-6-3 19:13:53,50.448120,3.000000,3.006657,12.000000,0.150000,30.000000
2024-6-3 19:13:54,50.407802,3.000000,3.009720,12.000000,0.150000,30.000000
2024-6-3 19:13:55,50.366448,3.000000,3.012769,12.000000,0.150000,30.000000
2024-6-3 19:13:56,50.324066,3.000000,3.015801,12.000000,0.150000,30.000000
2024-6-3 19:13:57,50.280665,3.000000,3.018818,12.000000,0.150000,30.000000
2024-6-3 19:13:58,50.236255,3.000000,3.021819,12.000000,0.150000,30.000000
2024-6-3 19:13:59,50.190845,3.000000,3.024804,12.000000,0.150000,30.000000
2024-6-3 19:14:00,50.144444,3.000000,3.027772,12.000000,0.150000,30.000000
2024-6-3 19:14:01,50.097061,3.000000,3.030724,12.000000,0.150000,30.000000
2024-6-3 19:14:02,50.048705,3.000000,3.033658,12.000000,0.150000,30.000000
2024-6-3 19:14:03,49.999387,3.000000,3.036576,12.000000,0.150000,30.000000
2024-6-3 19:14:04,49.949115,3.000000,3.039476,12.000000,0.150000,30.000000
2024-6-3 19:14:05,49.897900,3.000000,3.042359,12.000000,0.150000,30.000000
2024-6-3 19:14:06,49.845750,3.000000,3.045223,12.000000,0.150000,30.000000
2024-6-3 19:14:07,49.792675,3.000000,3.048070,12.000000,0.150000,30.000000
2024-6-3 19:14:08,49.738686,3.000000,3.050899,12.000000,0.150000,30.000000
2024-6-3 19:14:09,49.683791,3.000000,3.053709,12.000000,0.150000,30.000000
2024-6-3 19:14:10,49.628001,3.000000,3.056501,12.000000,0.150000,30.000000
2024-6-3 19:14:11,49.571325,3.000000,3.059274,12.000000,0.150000,30.000000
2024-6-3 19:14:12,49.513774,3.000000,3.062028,12.000000,0.150000,30.000000
2024-6-3 19:14:13,49.455356,3.000000,3.064763,12.000000,0.150000,30.000000
2024-6-3 19:14:14,49.396083,3.000000,3.067479,12.000000,0.150000,30.000000
2024-6-3 19:14:15,49.335963,3.000000,3.070175,12.000000,0.150000,30.000000
2024-6-3 19:14:16,49.275008,3.000000,3.072852,12.000000,0.150000,30.000000
2024-6-3 19:14:17,49.213227,3.000000,3.075508,12.000000,0.150000,30.000000
2024-6-3 19:14:18,49.150630,3.000000,3.078145,12.000000,0.150000,30.000000
2024-6-3 19:14:19,49.087228,3.000000,3.080761,12.000000,0.150000,30.000000
2024-6-3 19:14:20,49.023030,3.000000,3.083357,12.000000,0.150000,30.000000
2024-6-3 19:14:21,48.958047,3.000000,3.085932,12.000000,0.150000,30.000000
2024-6-3 19:14:22,48.892289,3.000000,3.088487,12.000000,0.150000,30.000000
2024-6-3 19:14:23,48.825767,3.000000,3.091021,12.000000,0.150000,30.000000
2024-6-3 19:14:24,48.758490,3.000000,3.093533,12.000000,0.150000,30.000000
2024-6-3 19:14:25,48.690469,3.000000,3.096025,12.000000,0.150000,30.000000
2024-6-3 19:14:26,48.621714,3.000000,3.098495,12.000000,0.150000,30.000000
2024-6-3 19:14:27,48.552236,3.000000,3.100944,12.000000,0.150000,30.000000
2024-6-3 19:14:28,48.482045,3.000000,3.103371,12.000000,0.150000,30.000000
2024-6-3 19:14:29,48.411152,3.000000,3.105776,12.000000,0.150000,30.000000
2024-6-3 19:14:30,48.339567,3.000000,3.108159,12.000000,0.150000,30.000000
2024-6-3 19:14:31,48.267300,3.000000,3.110520,12.000000,0.150000,30.000000
2024-6-3 19:14:32,48.194362,3.000000,3.112859,12.000000,0.150000,30.000000
2024-6-3 19:14:33,48.120764,3.000000,3.115176,12.000000,0.150000,30.000000
2024-6-3 19:14:34,48.046516,3.000000,3.117470,12.000000,0.150000,30.000000
2024-6-3 19:14:35,47.971628,3.000000,3.119741,12.000000,0.150000,30.000000
2024-6-3 19:14:36,47.896111,3.000000,3.121990,12.000000,0.150000,30.000000
2024-6-3 19:14:37,47.819977,3.000000,3.124216,12.000000,0.150000,30.000000
2024-6-3 19:14:38,47.743234,3.000000,3.126419,12.000000,0.150000,30.000000
2024-6-3 19:14:39,47.665895,3.000000,3.128599,12.000000,0.150000,30.000000
2024-6-3 19:14:40,47.587969,3.000000,3.130756,12.000000,0.150000,30.000000
2024-6-3 19:14:41,47.509467,3.000000,3.132889,12.000000,0.150000,30.000000
2024-6-3 19:14:42,47.430400,3.000000,3.134999,12.000000,0.150000,30.000000
2024-6-3 19:14:43,47.350779,3.000000,3.137086,12.000000,0.150000,30.000000
2024-6-3 19:14:44,47.270613,3.000000,3.139149,12.000000,0.150000,30.000000
2024-6-3 19:14:45,47.189915,3.000000,3.141188,12.000000,0.150000,30.000000
2024-6-3 19:14:46,47.108694,3.000000,3.143203,12.000000,0.150000,30.000000
2024-6-3 19:14:47,47.026961,3.000000,3.145194,12.000000,0.150000,30.000000
2024-6-3 19:14:48,46.944727,3.000000,3.147162,12.000000,0.150000,30.000000
2024-6-3 19:14:49,46.862003,3.000000,3.149105,12.000000,0.150000,30.000000
2024-6-3 19:14:50,46.778799,3.000000,3.151024,12.000000,0.150000,30.000000
2024-6-3 19:14:51,46.695125,3.000000,3.152919,12.000000,0.150000,30.000000
2024-6-3 19:14:52,46.610994,3.000000,3.154790,12.000000,0.150000,30.000000
2024-6-3 19:14:53,46.526414,3.000000,3.156636,12.000000,0.150000,30.000000
2024-6-3 19:14:54,46.441397,3.000000,3.158457,12.000000,0.150000,30.000000
2024-6-3 19:14:55,46.355954,3.000000,3.160254,12.000000,0.150000,30.000000
2024-6-3 19:14:56,46.270095,3.000000,3.162027,12.000000,0.150000,30.000000
2024-6-3 19:14:57,46.183831,3.000000,3.163775,12.000000,0.150000,30.000000
2024-6-3 19:14:58,46.097172,3.000000,3.165498,12.000000,0.150000,30.000000
2024-6-3 19:14:59,46.010129,3.000000,3.167196,12.000000,0.150000,30.000000
2024-6-3 19:15:00,45.922713,3.000000,3.168869,12.000000,0.150000,30.000000
2024-6-3 19:15:01,45.834935,3.000000,3.170517,12.000000,0.150000,30.000000
2024-6-3 19:15:02,45.746804,3.000000,3.172141,12.000000,0.150000,30.000000
2024-6-3 19:15:03,45.658332,3.000000,3.173739,12.000000,0.150000,30.000000
2024-6-3 19:15:04,45.569529,3.000000,3.175313,12.000000,0.150000,30.000000
2024-6-3 19:15:05,45.480406,3.000000,3.176861,12.000000,0.150000,30.000000
2024-6-3 19:15:06,45.390972,3.000000,3.178384,12.000000,0.150000,30.000000
2024-6-3 19:15:07,45.301240,3.000000,3.179882,12.000000,0.150000,30.000000
2024-6-3 19:15:08,45.211219,3.000000,3.181354,12.000000,0.150000,30.000000
2024-6-3 19:15:09,45.120919,3.000000,3.182802,12.000000,0.150000,30.000000
2024-6-3 19:15:10,45.030352,3.000000,3.184224,12.000000,0.150000,30.000000
2024-6-3 19:15:11,44.939527,3.000000,3.185621,12.000000,0.150000,30.000000
2024-6-3 19:15:12,44.848455,3.000000,3.186992,12.000000,0.150000,30.000000
2024-6-3 19:15:13,44.757147,3.000000,3.188338,12.000000,0.150000,30.000000
2024-6-3 19:15:14,44.665612,3.000000,3.189659,12.000000,0.150000,30.000000
2024-6-3 19:15:15,44.573862,3.000000,3.190954,12.000000,0.150000,30.000000
2024-6-3 19:15:16,44.481906,3.000000,3.192224,12.000000,0.150000,30.000000
2024-6-3 19:15:17,44.389755,3.000000,3.193468,12.000000,0.150000,30.000000
2024-6-3 19:15:18,44.297419,3.000000,3.194687,12.000000,0.150000,30.000000
2024-6-3 19:15:19,44.204908,3.000000,3.195881,12.000000,0.150000,30.000000
2024-6-3 19:15:20,44.112233,3.000000,3.197049,12.000000,0.150000,30.000000
2024-6-3 19:15:21,44.019403,3.000000,3.198192,12.000000,0.150000,30.000000
2024-6-3 19:15:22,43.926430,3.000000,3.199309,12.000000,0.150000,30.000000
2024-6-3 19:15:23,43.833322,3.000000,3.200401,12.000000,0.150000,30.000000
2024-6-3 19:15:24,43.740090,3.000000,3.201467,12.000000,0.150000,30.000000
2024-6-3 19:15:25,43.646744,3.000000,3.202508,12.000000,0.150000,30.000000
2024-6-3 19:15:26,43.553295,3.000000,3.203524,12.000000,0.150000,30.000000
2024-6-3 19:15:27,43.459751,3.000000,3.204514,12.000000,0.150000,30.000000
2024-6-3 19:15:28,43.366124,3.000000,3.205479,12.000000,0.150000,30.000000
2024-6-3 19:15:29,43.272422,3.000000,3.206418,12.000000,0.150000,30.000000
2024-6-3 19:15:30,43.178656,3.000000,3.207332,12.000000,0.150000,30.000000
2024-6-3 19:15:31,43.084836,3.000000,3.208221,12.000000,0.150000,30.000000
2024-6-3 19:15:32,42.990972,3.000000,3.209085,12.000000,0.150000,30.000000
2024-6-3 19:15:33,42.897072,3.000000,3.209923,12.000000,0.150000,30.000000
2024-6-3 19:15:34,42.803147,3.000000,3.210736,12.000000,0.150000,30.000000
2024-6-3 19:15:35,42.709207,3.000000,3.211524,12.000000,0.150000,30.000000
2024-6-3 19:15:36,42.615261,3.000000,3.212286,12.000000,0.150000,30.000000
2024-6-3 19:15:37,42.521319,3.000000,3.213024,12.000000,0.150000,30.000000
2024-6-3 19:15:38,42.427390,3.000000,3.213736,12.000000,0.150000,30.000000
2024-6-3 19:15:39,42.333484,3.000000,3.214424,12.000000,0.150000,30.000000
2024-6-3 19:15:40,42.239610,3.000000,3.215086,12.000000,0.150000,30.000000
2024-6-3 19:15:41,42.145778,3.000000,3.215724,12.000000,0.150000,30.000000
2024-6-3 19:15:42,42.051997,3.000000,3.216337,12.000000,0.150000,30.000000
2024-6-3 19:15:43,41.958275,3.000000,3.216924,12.000000,0.150000,30.000000
2024-6-3 19:15:44,41.864624,3.000000,3.217488,12.000000,0.150000,30.000000
2024-6-3 19:15:45,41.771051,3.000000,3.218026,12.000000,0.150000,30.000000
2024-6-3 19:15:46,41.677566,3.000000,3.218540,12.000000,0.150000,30.000000
2024-6-3 19:15:47,41.584178,3.000000,3.219029,12.000000,0.150000,30.000000
2024-6-3 19:15:48,41.490896,3.000000,3.219493,12.000000,0.150000,30.000000
2024-6-3 19:15:49,41.397729,3.000000,3.219933,12.000000,0.150000,30.000000
2024-6-3 19:15:50,41.304686,3.000000,3.220349,12.000000,0.150000,30.000000
2024-6-3 19:15:51,41.211775,3.000000,3.220740,12.000000,0.150000,30.000000
2024-6-3 19:15:52,41.119007,3.000000,3.221108,12.000000,0.150000,30.000000
2024-6-3 19:15:53,41.026389,3.000000,3.221450,12.000000,0.150000,30.000000
2024-6-3 19:15:54,40.933930,3.000000,3.221769,12.000000,0.150000,30.000000
2024-6-3 19:15:55,40.841639,3.000000,3.222064,12.000000,0.150000,30.000000
2024-6-3 19:15:56,40.749524,3.000000,3.222335,12.000000,0.150000,30.000000
2024-6-3 19:15:57,40.657594,3.000000,3.222582,12.000000,0.150000,30.000000
2024-6-3 19:15:58,40.565858,3.000000,3.222805,12.000000,0.150000,30.000000
2024-6-3 19:15:59,40.474324,3.000000,3.223005,12.000000,0.150000,30.000000
2024-6-3 19:16:00,40.383000,3.000000,3.223181,12.000000,0.150000,30.000000
2024-6-3 19:16:01,40.291895,3.000000,3.223333,12.000000,0.150000,30.000000
2024-6-3 19:16:02,40.201016,3.000000,3.223462,12.000000,0.150000,30.000000
2024-6-3 19:16:03,40.110373,3.000000,3.223568,12.000000,0.150000,30.000000
2024-6-3 19:16:04,40.019973,3.000000,3.223650,12.000000,0.150000,30.000000
2024-6-3 19:16:05,39.929824,3.000000,3.223709,12.000000,0.150000,30.000000
2024-6-3 19:16:06,39.839934,3.000000,3.223746,12.000000,0.150000,30.000000
2024-6-3 19:16:07,39.750312,3.000000,3.223759,12.000000,0.150000,30.000000
2024-6-3 19:16:08,39.660964,3.000000,3.223750,12.000000,0.150000,30.000000
2024-6-3 19:16:09,39.571900,3.000000,3.223718,12.000000,0.150000,30.000000
2024-6-3 19:16:10,39.483126,3.000000,3.223663,12.000000,0.150000,30.000000
2024-6-3 19:16:11,39.394651,3.000000,3.223586,12.000000,0.150000,30.000000
2024-6-3 19:16:12,39.306482,3.000000,3.223486,12.000000,0.150000,30.000000
2024-6-3 19:16:13,39.218626,3.000000,3.223364,12.000000,0.150000,30.000000
2024-6-3 19:16:14,39.131091,3.000000,3.223220,12.000000,0.150000,30.000000
2024-6-3 19:16:15,39.043885,3.000000,3.223054,12.000000,0.150000,30.000000
2024-6-3 19:16:16,38.957014,3.000000,3.222866,12.000000,0.150000,30.000000
2024-6-3 19:16:17,38.870487,3.000000,3.222656,12.000000,0.150000,30.000000
2024-6-3 19:16:18,38.784309,3.000000,3.222425,12.000000,0.150000,30.000000
2024-6-3 19:16:19,38.698490,3.000000,3.222172,12.000000,0.150000,30.000000
2024-6-3 19:16:20,38.613034,3.000000,3.221897,12.000000,0.150000,30.000000
2024-6-3 19:16:21,38.527950,3.000000,3.221602,12.000000,0.150000,30.000000
2024-6-3 19:16:22,38.443245,3.000000,3.221285,12.000000,0.150000,30.000000
2024-6-3 19:16:23,38.358925,3.000000,3.220947,12.000000,0.150000,30.000000
2024-6-3 19:16:24,38.274997,3.000000,3.220588,12.000000,0.150000,30.000000
2024-6-3 19:16:25,38.191468,3.000000,3.220208,12.000000,0.150000,30.000000
2024-6-3 19:16:26,38.108344,3.000000,3.219808,12.000000,0.150000,30.000000
2024-6-3 19:16:27,38.025633,3.000000,3.219387,12.000000,0.150000,30.000000
2024-6-3 19:16:28,37.943340,3.000000,3.218946,12.000000,0.150000,30.000000
2024-6-3 19:16:29,37.861472,3.000000,3.218485,12.000000,0.150000,30.000000
2024-6-3 19:16:30,37.780035,3.000000,3.218003,12.000000,0.150000,30.000000
2024-6-3 19:16:31,37.699036,3.000000,3.217502,12.000000,0.150000,30.000000
2024-6-3 19:16:32,37.618481,3.000000,3.216981,12.000000,0.150000,30.000000
2024-6-3 19:16:33,37.538376,3.000000,3.216440,12.000000,0.150000,30.000000
2024-6-3 19:16:34,37.458727,3.000000,3.215880,12.000000,0.150000,30.000000
2024-6-3 19:16:35,37.379540,3.000000,3.215300,12.000000,0.150000,30.000000
2024-6-3 19:16:36,37.300821,3.000000,3.214701,12.000000,0.150000,30.000000
2024-6-3 19:16:37,37.222576,3.000000,3.214083,12.000000,0.150000,30.000000
2024-6-3 19:16:38,37.144810,3.000000,3.213446,12.000000,0.150000,30.000000
